"Posição","Nome","Localidade","2006","2007","2008","2009","2010","2011","2012","2013","2014","2015","2016","2017","2018","2019","2020","2021","2022","Unidade","Multiplicador"
"1","Taxa de mortalidade infantil","Abaiara","30.61","32.52","21.9","15.15","13.89","6.62","19.35","17.24","14.81","21.58","33.33","-","-","6.85","19.87","20.41","6.71","óbitos por mil nascidos vivos",1
"1","Taxa de mortalidade infantil","Acarape","14.08","9.57","13.89","8.03","18.78","15.38","16.53","20.58","16.88","-","30.97","14.56","40.2","18.6","5.35","21.16","10.87","óbitos por mil nascidos vivos",1
"1","Taxa de mortalidade infantil","Acaraú","20.43","15.33","7.25","15.28","13.79","13.49","11.45","17.56","8.3","15.4","22.77","8.81","17.08","14.88","5.92","9.28","2.06","óbitos por mil nascidos vivos",1
"1","Taxa de mortalidade infantil","Acopiara","28.71","24.23","22.96","22.93","13.62","11.73","9.12","17.3","12.68","4.77","13.7","19.54","13.58","6.63","20.18","10.87","11.56","óbitos por mil nascidos vivos",1
"1","Taxa de mortalidade infantil","Aiuaba","28.34","19.53","10","13.22","35.4","25.51","18.96","12.5","12.82","29.59","5.81","10.87","15.54","11.43","15.08","24.54","18.4","óbitos por mil nascidos vivos",1
"1","Taxa de mortalidade infantil","Alcântaras","15.71","42.17","-","-","36.81","23.08","25.81","-","13.79","7.94","25.42","-","21.28","6.76","-","26.14","-","óbitos por mil nascidos vivos",1
"1","Taxa de mortalidade infantil","Altaneira","9.8","19.05","10.99","42.55","11.36","31.25","33.33","32.61","21.51","9.01","8.93","8.85","-","-","9.43","9.01","16.67","óbitos por mil nascidos vivos",1
"1","Taxa de mortalidade infantil","Alto Santo","30.3","17.7","15.71","5.15","5.49","14.08","15","16.95","10.58","23.04","18.43","27.78","5.15","5.62","12.12","26.6","5.62","óbitos por mil nascidos vivos",1
"1","Taxa de mortalidade infantil","Amontada","18.01","15.69","12.36","17.17","17.39","8.5","17.05","11.83","22.33","14.14","7.26","11.08","11.86","8.58","8.72","22.02","9.12","óbitos por mil nascidos vivos",1
"1","Taxa de mortalidade infantil","Antonina do Norte","-","7.14","35.71","-","16","16.53","26.79","17.86","20.2","-","25.32","31.25","27.52","9.71","11.11","-","-","óbitos por mil nascidos vivos",1
"1","Taxa de mortalidade infantil","Apuiarés","5.35","15.87","25.48","11.17","13.79","5.62","13.89","6.62","20.27","19.74","15.04","19.74","-","11.11","-","-","14.39","óbitos por mil nascidos vivos",1
"1","Taxa de mortalidade infantil","Aquiraz","10.65","12.97","24.82","18.56","16.69","10.02","12.17","5.3","11.13","4.82","24.93","15.76","14.1","8.41","14.23","7.82","13.1","óbitos por mil nascidos vivos",1
"1","Taxa de mortalidade infantil","Aracati","15.05","15.48","16.24","20.13","7.64","9.22","16.46","10.36","11.01","13.73","7.65","12.07","9.19","1.96","9.33","6.38","12.7","óbitos por mil nascidos vivos",1
"1","Taxa de mortalidade infantil","Aracoiaba","10.96","13.05","30.64","17.41","14.71","15.87","13.97","10.26","10.47","13.77","17.72","10.44","11.96","8","8.7","8.8","13.29","óbitos por mil nascidos vivos",1
"1","Taxa de mortalidade infantil","Ararendá","10.53","17.65","26.67","6.99","7.14","-","69.57","10.1","16","39.6","34.78","8.26","32.26","40.27","7.04","22.73","19.61","óbitos por mil nascidos vivos",1
"1","Taxa de mortalidade infantil","Araripe","20.69","14.31","12.22","15.98","7.58","17.5","24.39","2.93","17.39","2.79","16.95","10.26","19.28","10.93","12.01","11.56","10.07","óbitos por mil nascidos vivos",1
"1","Taxa de mortalidade infantil","Aratuba","18.02","21.86","15.46","14.85","14.63","5.95","10.64","6.41","11.11","11.63","-","12.27","5.81","28.41","13.51","6.58","27.78","óbitos por mil nascidos vivos",1
"1","Taxa de mortalidade infantil","Arneiroz","25.64","18.02","8.4","16.95","20.62","10.42","17.86","28.99","10.53","-","-","11.11","22.47","26.32","32.61","11.36","-","óbitos por mil nascidos vivos",1
"1","Taxa de mortalidade infantil","Assaré","25.81","20.11","24.92","29.41","3.42","6.8","18.13","16.89","7.91","9.84","7.38","20.98","13.75","3.36","11.07","14.18","7.72","óbitos por mil nascidos vivos",1
"1","Taxa de mortalidade infantil","Aurora","8.31","17.39","8.62","10.96","10.47","20.11","28.3","10.03","8.36","8.57","-","13.38","16.13","3.12","9.12","13.25","16.61","óbitos por mil nascidos vivos",1
"1","Taxa de mortalidade infantil","Baixio","-","-","-","12.66","12.35","37.04","-","25.32","16.67","49.38","20","27.78","-","14.93","-","-","-","óbitos por mil nascidos vivos",1
"1","Taxa de mortalidade infantil","Banabuiú","21.21","22.95","16.95","6.97","3.39","14.55","7.55","31.75","19.46","3.72","24.05","15.27","6.8","26.52","8.13","17.7","4.93","óbitos por mil nascidos vivos",1
"1","Taxa de mortalidade infantil","Barbalha","16.21","18.66","17.69","17.84","18.43","14.1","21.93","10.05","19.68","12.15","8.88","15.27","12.47","15.08","6.26","12.57","12.6","óbitos por mil nascidos vivos",1
"1","Taxa de mortalidade infantil","Barreira","23.6","10.31","6.58","14.23","7.3","20.27","6.31","15.58","3.38","3.13","10.03","15.77","2.93","18.13","25.28","-","7.55","óbitos por mil nascidos vivos",1
"1","Taxa de mortalidade infantil","Barro","37.54","36.5","14.04","17.06","17.92","22.95","17.79","10.56","18.94","9.13","19.05","11.63","8.3","21.46","13.7","4.24","19.32","óbitos por mil nascidos vivos",1
"1","Taxa de mortalidade infantil","Barroquinha","45.8","12.71","13.95","-","14.71","10.15","14.15","14.63","19.32","12.88","4.12","8.89","13.04","18.26","4.9","-","4.78","óbitos por mil nascidos vivos",1
"1","Taxa de mortalidade infantil","Baturité","17.36","14.68","12.01","19.64","16.16","26.48","4.3","20.83","6.92","11.11","14.55","8.25","10.97","12.89","16.39","6.12","13.51","óbitos por mil nascidos vivos",1
"1","Taxa de mortalidade infantil","Beberibe","15.83","10.9","13.06","7.96","3.68","11.4","-","11.67","15.54","7.18","8.93","6.68","13.7","11.4","17.27","6.22","15.82","óbitos por mil nascidos vivos",1
"1","Taxa de mortalidade infantil","Bela Cruz","20.79","13.36","5.84","16.67","11.88","26.46","11.57","19.51","21.45","11.09","12.92","15.23","10.03","16.39","23.32","-","11.24","óbitos por mil nascidos vivos",1
"1","Taxa de mortalidade infantil","Boa Viagem","20.02","19.63","22.56","17.39","12.23","17.76","15.92","11.08","14.64","20.59","8.16","10.97","9.68","17.86","10.84","12.27","10.62","óbitos por mil nascidos vivos",1
"1","Taxa de mortalidade infantil","Brejo Santo","17.21","15.83","14.9","7.06","15.26","12.66","13.78","10.1","8.6","21.17","20.03","9.49","15.26","15.04","10.23","10.51","9.93","óbitos por mil nascidos vivos",1
"1","Taxa de mortalidade infantil","Camocim","16.85","16.87","21.42","25.19","9.12","7.5","13.49","20.41","11.86","16.43","10.59","10.34","12.96","15.78","12.63","8.35","11.19","óbitos por mil nascidos vivos",1
"1","Taxa de mortalidade infantil","Campos Sales","23.86","6.19","23.38","14.96","29.5","19.66","16.67","9.95","19.39","10.55","15.83","8.26","8.15","19.05","21.21","13.62","8.2","óbitos por mil nascidos vivos",1
"1","Taxa de mortalidade infantil","Canindé","22.56","14.77","11.94","16.25","9.88","13.06","8.06","9.53","7.13","14.66","13.26","12.13","17.04","11.47","12.46","11.13","6.88","óbitos por mil nascidos vivos",1
"1","Taxa de mortalidade infantil","Capistrano","17.94","17.54","15.09","15.27","16.88","4.2","13.16","11.72","12.24","3.4","13.16","4.17","21.43","20","12.05","18.18","17.09","óbitos por mil nascidos vivos",1
"1","Taxa de mortalidade infantil","Caridade","17.67","36.36","3.68","11.86","16.46","4.52","12.99","32.97","7.66","3.95","26.55","-","8.23","10.83","18.87","8.37","15.38","óbitos por mil nascidos vivos",1
"1","Taxa de mortalidade infantil","Cariré","50.93","21.19","17.86","11.95","17.94","20.41","20.73","19.8","13.22","25.25","-","15.79","12.66","4.1","7.87","12.71","4.81","óbitos por mil nascidos vivos",1
"1","Taxa de mortalidade infantil","Caririaçu","19.19","13.51","19.65","19.56","21.18","8.4","17.03","25.45","16.9","18.77","7.67","10.23","7.16","15.28","5.05","2.67","7.83","óbitos por mil nascidos vivos",1
"1","Taxa de mortalidade infantil","Cariús","17.94","8.73","15.44","16.88","14.22","13.27","31.53","19.05","10.36","4.78","15.15","9.39","4.85","9.85","17.75","19.23","-","óbitos por mil nascidos vivos",1
"1","Taxa de mortalidade infantil","Carnaubal","21.98","23.26","48.19","39.53","14.71","8.4","9.13","25.64","17.7","4.22","12.82","22.3","16.88","11.28","8.89","-","12.61","óbitos por mil nascidos vivos",1
"1","Taxa de mortalidade infantil","Cascavel","15.96","11.74","15.05","11.85","8.79","5.34","16.28","11.34","7.09","8.88","8.18","14.96","10.75","12.09","2.98","6.4","14.64","óbitos por mil nascidos vivos",1
"1","Taxa de mortalidade infantil","Catarina","5.78","26.32","6.25","5.68","16.85","23.95","7.69","20.83","13.89","12.74","15.63","37.04","-","32.97","7.41","7.81","15.75","óbitos por mil nascidos vivos",1
"1","Taxa de mortalidade infantil","Catunda","17.65","21.13","5.88","24","8.55","18.87","-","16.26","9.17","31.25","38.46","-","42.55","9.01","9.62","-","20","óbitos por mil nascidos vivos",1
"1","Taxa de mortalidade infantil","Caucaia","17.09","14.07","12.74","13.32","11.48","11.77","11.62","13.84","10.18","11.3","10.51","13.82","12.42","12.91","12.88","9.84","11.48","óbitos por mil nascidos vivos",1
"1","Taxa de mortalidade infantil","Cedro","17.98","15.79","15.54","11.24","8.85","21.88","16.53","21.98","5.99","17.99","10.79","13.99","21.54","12.54","11.11","15.75","26.52","óbitos por mil nascidos vivos",1
"1","Taxa de mortalidade infantil","Chaval","4.63","5","36.04","32.41","34.33","4.2","-","9.39","11.49","10","5.18","4.95","25","4.93","6.02","17.34","13.25","óbitos por mil nascidos vivos",1
"1","Taxa de mortalidade infantil","Choró","3.88","14.15","4.42","40.54","23.81","19.7","15.54","24.51","14.56","20.41","15.71","5.68","25.53","11.9","14.18","17.65","20.41","óbitos por mil nascidos vivos",1
"1","Taxa de mortalidade infantil","Chorozinho","15.15","14.71","20.58","11.9","15.5","-","17.92","10","-","6.87","19.01","8.51","6.39","9.62","11.11","7.66","31.58","óbitos por mil nascidos vivos",1
"1","Taxa de mortalidade infantil","Coreaú","33.99","11.76","5.97","25.64","12.5","5.88","10.38","17.61","9.87","12.1","21.43","22.39","21.15","9.9","3.08","9.9","7.52","óbitos por mil nascidos vivos",1
"1","Taxa de mortalidade infantil","Crateús","22.86","18.02","17.01","18.2","12.56","14.2","17.19","15.97","12.71","20.09","22.01","13.14","15.87","19.09","13.25","11.57","10.8","óbitos por mil nascidos vivos",1
"1","Taxa de mortalidade infantil","Crato","18.51","24.2","13.38","17.83","21.07","20.4","13.15","14.64","16.59","11.07","14.93","9.82","10.15","18.08","10","11.04","15.92","óbitos por mil nascidos vivos",1
"1","Taxa de mortalidade infantil","Croatá","3.45","18.73","28.47","26.62","8.89","8.89","13.51","14.71","12.88","24.59","-","16.04","22.22","18.87","19.53","7.6","14.29","óbitos por mil nascidos vivos",1
"1","Taxa de mortalidade infantil","Cruz","10.18","9.62","13.3","10.1","11.27","16.81","8.85","22.79","11.8","18.23","7.23","12.14","14.55","4.02","9.09","13.07","18.26","óbitos por mil nascidos vivos",1
"1","Taxa de mortalidade infantil","Deputado Irapuan Pinheiro","15.87","24.59","31.25","22.73","35.4","26.79","10.99","11.76","-","11.24","12.05","-","-","11.49","-","34.88","-","óbitos por mil nascidos vivos",1
"1","Taxa de mortalidade infantil","Ereré","15.87","12.82","-","-","48.78","54.05","41.67","-","-","33.33","-","86.96","-","117.65","27.78","-","-","óbitos por mil nascidos vivos",1
"1","Taxa de mortalidade infantil","Eusébio","10.22","10.96","9.78","15.58","11.46","8.53","9.05","12.01","3.69","4.77","4","8.64","5.7","15.47","9.17","11.47","7.26","óbitos por mil nascidos vivos",1
"1","Taxa de mortalidade infantil","Farias Brito","22.73","20.27","14.71","6.47","16.56","13.2","11.07","18.18","7.97","16.45","14.29","12.1","7.35","11.24","28.93","16.6","46.15","óbitos por mil nascidos vivos",1
"1","Taxa de mortalidade infantil","Forquilha","24.52","23.81","8.45","16.39","25.48","18.13","22.8","25.4","15.77","4.1","15.09","17.79","32.35","12.23","-","3.77","-","óbitos por mil nascidos vivos",1
"1","Taxa de mortalidade infantil","Fortaleza","17.39","15.64","14.77","15.65","11.92","12.8","11.18","11.79","11.39","11.59","11.4","13.54","11.44","11.67","12.02","10.96","11.73","óbitos por mil nascidos vivos",1
"1","Taxa de mortalidade infantil","Fortim","14.22","20.73","4.9","16.3","10.58","6.76","12.2","12.74","11.3","18.87","11.3","-","42.33","10.15","16.39","18.78","18.69","óbitos por mil nascidos vivos",1
"1","Taxa de mortalidade infantil","Frecheirinha","28.3","22.83","12.35","10","15.23","23.58","17.78","20.08","11.58","10.31","4.83","16.53","7.35","22.81","21.9","4.26","8.62","óbitos por mil nascidos vivos",1
"1","Taxa de mortalidade infantil","General Sampaio","40.54","15.87","8.33","-","8.62","7.94","10.31","26.32","22.99","11.63","11.36","18.69","25","9.17","9.26","-","31.25","óbitos por mil nascidos vivos",1
"1","Taxa de mortalidade infantil","Graça","23.62","19.92","30.77","35.56","21.74","9.9","6.29","28.57","6.76","-","16.04","6.29","-","5.88","22.22","20.1","6.85","óbitos por mil nascidos vivos",1
"1","Taxa de mortalidade infantil","Granja","19.58","24.76","32.19","22.04","16.47","14.78","13.44","29.24","23.07","17.84","27.43","22.36","9.12","9.85","6.37","14.07","11.08","óbitos por mil nascidos vivos",1
"1","Taxa de mortalidade infantil","Granjeiro","-","-","51.95","-","33.9","13.16","-","-","-","17.24","31.75","-","-","-","27.4","-","-","óbitos por mil nascidos vivos",1
"1","Taxa de mortalidade infantil","Groaíras","12.9","14.49","6.67","16","8.2","15.15","39.47","16.67","13.89","30.61","-","16.81","7.87","6.1","20.55","-","-","óbitos por mil nascidos vivos",1
"1","Taxa de mortalidade infantil","Guaiúba","14.29","17.6","13.48","15.67","17.91","8.13","8.26","9.23","8.11","9.4","8.5","5.83","14.16","11.94","3.24","10.14","11.63","óbitos por mil nascidos vivos",1
"1","Taxa de mortalidade infantil","Guaraciaba do Norte","14.84","20.32","11.15","12.84","22.01","9.23","24.43","12.09","13.49","6.59","15.97","19.12","15.94","18.76","9.1","13.29","8.42","óbitos por mil nascidos vivos",1
"1","Taxa de mortalidade infantil","Guaramiranga","9.43","-","10.2","22.73","-","31.25","10.53","-","-","13.7","13.33","-","-","14.93","-","11.63","13.51","óbitos por mil nascidos vivos",1
"1","Taxa de mortalidade infantil","Hidrolândia","20.2","3.55","27.87","7.04","10.83","9.39","17.24","25.97","9.9","9.8","16.57","14.63","3.66","3.92","12.5","8.33","17.32","óbitos por mil nascidos vivos",1
"1","Taxa de mortalidade infantil","Horizonte","14.65","9.39","14.64","15.37","14.75","6.74","9.54","7.8","14.08","7.76","8.94","4.85","7.79","4.1","9.7","8.21","13.35","óbitos por mil nascidos vivos",1
"1","Taxa de mortalidade infantil","Ibaretama","7.75","20.66","26.18","22.62","18.1","10.1","5.08","16.48","9.62","34.31","42.25","46.63","19.61","9.85","5.49","41.42","12.12","óbitos por mil nascidos vivos",1
"1","Taxa de mortalidade infantil","Ibiapina","13.7","18.96","24.27","22.9","10.5","20.29","14.71","20.23","24.17","13.59","16.67","23.12","7.79","7.98","2.61","2.65","5.21","óbitos por mil nascidos vivos",1
"1","Taxa de mortalidade infantil","Ibicuitinga","12.42","11.3","28.57","12.2","-","11.43","-","5.08","25.64","-","7.09","6.41","6.71","-","-","25.21","8.77","óbitos por mil nascidos vivos",1
"1","Taxa de mortalidade infantil","Icapuí","7.17","18.73","12.82","14.13","17.62","3.97","18.35","21.55","7.69","14.93","8.2","11.15","-","16.33","3.77","-","19.9","óbitos por mil nascidos vivos",1
"1","Taxa de mortalidade infantil","Icó","20.37","16.98","10.6","24.11","14.21","18.37","13.61","10.25","15.74","23.26","11.89","7.74","7.8","6.72","6.01","5.71","13.72","óbitos por mil nascidos vivos",1
"1","Taxa de mortalidade infantil","Iguatu","18.47","17.3","17.28","14.3","8.52","8.78","12.21","20.55","11.49","7.19","14.33","18.63","12.07","8.77","10.45","9.8","11.12","óbitos por mil nascidos vivos",1
"1","Taxa de mortalidade infantil","Independência","23.81","19.66","14.66","23.26","8.72","9.32","16.03","15.27","16.23","13.7","11.54","20.27","21.67","22.47","16.61","32.57","23.73","óbitos por mil nascidos vivos",1
"1","Taxa de mortalidade infantil","Ipaporanga","36.27","27.17","15.71","28.17","28.9","11.83","15.15","29.85","14.49","12.5","14.29","13.25","6.58","-","7.75","35.97","22.56","óbitos por mil nascidos vivos",1
"1","Taxa de mortalidade infantil","Ipaumirim","14.29","35.09","32.43","21.98","12.58","18.52","21.58","14.29","6.45","37.04","40","18.99","15.15","6.8","8.62","8.47","25","óbitos por mil nascidos vivos",1
"1","Taxa de mortalidade infantil","Ipu","15.31","18.55","13.93","10.03","9.98","23.89","14.01","10.66","8.99","10.53","7.21","10.26","17.91","8.94","7.23","9.27","12.87","óbitos por mil nascidos vivos",1
"1","Taxa de mortalidade infantil","Ipueiras","31.65","32.53","24.39","16.57","22.77","26.41","18.15","14.89","19.35","16.6","22.08","8.25","11.39","10.35","9.56","16.99","8.85","óbitos por mil nascidos vivos",1
"1","Taxa de mortalidade infantil","Iracema","18.1","27.17","5.81","27.47","17.14","5.78","-","12.82","5.41","5.29","10.99","32.26","6.67","5.65","11.76","-","7.41","óbitos por mil nascidos vivos",1
"1","Taxa de mortalidade infantil","Irauçuba","12.5","16.17","10.84","21.8","22.44","15.87","15.67","16.03","11.27","13.47","6.58","10.42","16.81","11.11","16.44","10.05","6.06","óbitos por mil nascidos vivos",1
"1","Taxa de mortalidade infantil","Itaiçaba","-","40","13.33","11.63","9.09","-","-","80","-","10.42","20.62","11.49","10.99","21.74","10.99","12.35","14.71","óbitos por mil nascidos vivos",1
"1","Taxa de mortalidade infantil","Itaitinga","39.89","26.8","27.61","38.79","24.13","13.36","11.76","4.08","10.99","7.02","11.22","6.55","12.93","7.43","4.27","6.63","10.2","óbitos por mil nascidos vivos",1
"1","Taxa de mortalidade infantil","Itapajé","12.3","19.63","12.66","17.96","19.83","15.58","9.01","11.38","6.45","13.16","15.67","18.01","6.97","5.13","4.55","12.7","17.92","óbitos por mil nascidos vivos",1
"1","Taxa de mortalidade infantil","Itapipoca","15.41","16.49","16.64","9.79","11.31","9.64","13.78","11.57","10.58","13.41","10.06","12.88","12.92","9.52","14.95","5.67","8.8","óbitos por mil nascidos vivos",1
"1","Taxa de mortalidade infantil","Itapiúna","32.47","20.06","13.16","14.87","18.8","7.14","7.97","21.74","30.3","14.29","17.78","26.55","18.02","22.52","4.93","-","21.98","óbitos por mil nascidos vivos",1
"1","Taxa de mortalidade infantil","Itarema","18.13","16.3","21.43","12.21","5.52","5.84","10.43","12.84","11.29","8.94","7.97","22.1","8.33","14.06","12.61","12.71","11.08","óbitos por mil nascidos vivos",1
"1","Taxa de mortalidade infantil","Itatira","26.01","10.08","15.67","18.52","14.97","31.14","12.9","7.72","23.03","6.12","18.05","23.03","27.78","15.24","9.4","7.38","16.19","óbitos por mil nascidos vivos",1
"1","Taxa de mortalidade infantil","Jaguaretama","7.91","11.28","16.74","4.17","8.81","21.65","12.61","15.96","17.24","20.51","17.75","10.75","4.24","18.6","4.44","8.85","-","óbitos por mil nascidos vivos",1
"1","Taxa de mortalidade infantil","Jaguaribara","13.79","6.1","33.9","24.1","12.27","13.61","7.63","14.08","-","12.58","27.59","14.6","12.35","13.99","29.2","25.86","8.2","óbitos por mil nascidos vivos",1
"1","Taxa de mortalidade infantil","Jaguaribe","20.33","16.85","17.39","30.17","14.43","8.32","11.14","22.03","7.78","8.33","17.86","14.37","10.4","15.25","22.17","4.82","13.62","óbitos por mil nascidos vivos",1
"1","Taxa de mortalidade infantil","Jaguaruana","23.91","32.52","16.28","16.17","7.37","7.96","18.22","4.77","5.14","7.18","9.09","12.32","4.83","10.81","8.5","8.13","9.87","óbitos por mil nascidos vivos",1
"1","Taxa de mortalidade infantil","Jardim","34.01","18.45","16.19","7.78","20.41","22","16.24","13.25","25.11","16.23","15.56","9.09","12.25","4.82","9.01","15.31","19.89","óbitos por mil nascidos vivos",1
"1","Taxa de mortalidade infantil","Jati","28.3","9.35","29.7","30.61","64.22","22.56","-","-","25.42","23.08","14.08","15.27","-","15.15","-","22.73","-","óbitos por mil nascidos vivos",1
"1","Taxa de mortalidade infantil","Jijoca de Jericoacoara","16.84","21.34","15.24","4","-","27.03","-","17.24","6.9","21.58","22.88","2.82","11.57","14.39","12.76","21.22","5.09","óbitos por mil nascidos vivos",1
"1","Taxa de mortalidade infantil","Juazeiro do Norte","17.12","18.49","12.96","12.47","13.57","20.15","14.37","21.77","12.02","13.89","15.75","11.64","14.91","12.51","13.56","10.48","12.11","óbitos por mil nascidos vivos",1
"1","Taxa de mortalidade infantil","Jucás","28.5","7.46","7.32","18.67","5.33","21.62","17.8","18.63","2.75","23.39","-","23.46","16.48","19.74","7.04","12.38","6.73","óbitos por mil nascidos vivos",1
"1","Taxa de mortalidade infantil","Lavras da Mangabeira","2.59","11.42","7.85","21.05","9.69","11.27","6.27","12.08","17.7","7.75","10.78","17.91","5.87","17.14","14.97","8.88","6.97","óbitos por mil nascidos vivos",1
"1","Taxa de mortalidade infantil","Limoeiro do Norte","16.75","25.35","11.89","8.82","9.04","18.27","11.75","14.01","14.55","10.63","2.6","11.35","12.76","16.44","8.21","7.09","28.65","óbitos por mil nascidos vivos",1
"1","Taxa de mortalidade infantil","Madalena","29.41","15.38","12.93","-","12.88","20.24","8.06","19.51","20.51","4.81","20.62","12.61","12.99","5.05","17.14","5.62","16.85","óbitos por mil nascidos vivos",1
"1","Taxa de mortalidade infantil","Maracanaú","14.7","8.89","12.65","9.86","8.78","8.24","7.05","10.21","9.17","10.7","9.32","11.54","9.25","8.36","9.43","8.44","8.2","óbitos por mil nascidos vivos",1
"1","Taxa de mortalidade infantil","Maranguape","17.37","5.86","13.14","18.44","8.29","11.17","12.35","10.72","14.07","11.2","14.07","17.03","11.73","11.87","12.08","5.74","7.57","óbitos por mil nascidos vivos",1
"1","Taxa de mortalidade infantil","Marco","30.24","28.2","24","7.75","10.12","13.94","11.93","3.88","22.27","22.09","20.16","14.29","5.15","13.11","23.68","11.7","7.55","óbitos por mil nascidos vivos",1
"1","Taxa de mortalidade infantil","Martinópole","40","11.17","19.61","7.19","5.75","36.81","28.74","30.86","17.86","20","13.89","-","5.56","5.81","5.29","10.7","5.26","óbitos por mil nascidos vivos",1
"1","Taxa de mortalidade infantil","Massapê","30.21","20.83","13.28","17.76","20","15.47","13.94","16.48","5.78","14.22","10.33","18.8","15.55","12.92","20.34","12.99","11.67","óbitos por mil nascidos vivos",1
"1","Taxa de mortalidade infantil","Mauriti","10.72","8.95","20.33","12.43","17.2","12.71","20.86","17.7","18.21","27.06","10.57","6.95","16.74","12.57","22.22","15.65","15.04","óbitos por mil nascidos vivos",1
"1","Taxa de mortalidade infantil","Meruoca","22.73","26.92","9.43","-","23.47","23.81","30","27.91","5.29","17.24","34.09","4.72","14.42","20.24","10.42","4.98","5.75","óbitos por mil nascidos vivos",1
"1","Taxa de mortalidade infantil","Milagres","10.44","16.67","12.77","4.45","20.5","17.16","16.87","12.14","12.56","17.86","8.29","14.29","-","10.42","23.05","11.43","8.5","óbitos por mil nascidos vivos",1
"1","Taxa de mortalidade infantil","Milhã","5.32","17.05","18.4","5.62","25.32","6.37","20","23.08","8.26","40.7","6.29","19.61","31.85","6.67","21.43","13.33","-","óbitos por mil nascidos vivos",1
"1","Taxa de mortalidade infantil","Miraíma","17.17","7.84","8.73","24.9","-","4.72","18.69","35.9","15.15","9.48","17.14","23.12","16.48","14.42","5.29","11.76","-","óbitos por mil nascidos vivos",1
"1","Taxa de mortalidade infantil","Missão Velha","28.08","18.9","18.05","24.79","20.47","17.3","24.22","18.58","10.58","11.04","16.45","10.27","19.11","23.53","12.09","8.17","3.54","óbitos por mil nascidos vivos",1
"1","Taxa de mortalidade infantil","Mombaça","23.88","11.43","28.71","17.52","14.75","12.7","8.66","15.22","8.26","18.48","14.71","10.2","18.83","1.96","12.77","15.18","13.95","óbitos por mil nascidos vivos",1
"1","Taxa de mortalidade infantil","Monsenhor Tabosa","27.49","21.66","20.08","16.46","30.65","14.22","8.62","14.78","-","31.25","33.47","22.32","27.13","4.07","24.75","18.6","10.58","óbitos por mil nascidos vivos",1
"1","Taxa de mortalidade infantil","Morada Nova","24.28","27.87","7.03","15.64","11.63","11.44","1.44","13.12","8.38","3.94","5.56","9.27","7.16","9.1","11.58","8.23","8.75","óbitos por mil nascidos vivos",1
"1","Taxa de mortalidade infantil","Moraújo","-","34.19","22.56","35.4","17.86","9.8","23.62","25.42","15.75","9.52","10.64","18.35","32.52","7.19","8.93","9.9","17.54","óbitos por mil nascidos vivos",1
"1","Taxa de mortalidade infantil","Morrinhos","27.61","24.52","26.18","11.87","19.34","36.23","25.4","15.72","10.56","8.2","23.9","6.35","18.52","21.88","21.02","3.05","9.09","óbitos por mil nascidos vivos",1
"1","Taxa de mortalidade infantil","Mucambo","4.95","25.25","21.93","9.09","21.98","-","-","11.43","18.29","21.43","12.27","5.78","16.04","12.66","11.63","18.99","5.38","óbitos por mil nascidos vivos",1
"1","Taxa de mortalidade infantil","Mulungu","21.13","7.41","25.32","12.05","6.94","7.81","-","29.85","20.27","-","15.15","15.27","8","31.5","7.04","6.62","8.62","óbitos por mil nascidos vivos",1
"1","Taxa de mortalidade infantil","Nova Olinda","23.36","18.87","14.81","10.56","7.6","21.01","8.26","7.63","20.49","10.49","24.29","21.98","21.98","21.98","20","16.74","8.85","óbitos por mil nascidos vivos",1
"1","Taxa de mortalidade infantil","Nova Russas","18.66","12.55","14.42","7.84","6.8","11.88","11.85","13.09","20.9","18.18","8.55","19.07","13.95","5.43","13.55","5.1","5.92","óbitos por mil nascidos vivos",1
"1","Taxa de mortalidade infantil","Novo Oriente","18.74","17.24","14.74","23.2","8.93","16.53","17.33","25.07","21.39","8.22","16.57","24.73","15.15","7.92","3.04","8.4","9.62","óbitos por mil nascidos vivos",1
"1","Taxa de mortalidade infantil","Ocara","14.88","8.55","10","9.43","2.93","16.29","14.04","14.49","13.47","18.18","7.27","20.98","9.9","3.5","10.95","3.68","36.73","óbitos por mil nascidos vivos",1
"1","Taxa de mortalidade infantil","Orós","11.53","13.2","6.8","22.36","6.47","16.72","14.55","13.84","7.63","21.05","3.48","11.28","3.82","14.87","27.03","-","9.01","óbitos por mil nascidos vivos",1
"1","Taxa de mortalidade infantil","Pacajus","23.26","15.87","17.63","11.03","18.38","6.98","16.63","8.22","20.58","10.88","9.25","10.98","15.25","20.26","7.61","7.35","6.75","óbitos por mil nascidos vivos",1
"1","Taxa de mortalidade infantil","Pacatuba","13.16","9.88","22.73","10.61","14.97","10.44","18.07","14.01","7.45","13.63","14.55","11.95","9.28","12.76","9.32","16.52","14.3","óbitos por mil nascidos vivos",1
"1","Taxa de mortalidade infantil","Pacoti","6.67","27.93","14.93","5.38","10.81","-","6.49","-","-","5.78","6.13","19.48","-","19.61","24.79","30.53","8.13","óbitos por mil nascidos vivos",1
"1","Taxa de mortalidade infantil","Pacujá","12.35","11.63","11.36","10.31","24.1","-","22.73","12.5","-","13.7","15.63","-","-","29.41","-","-","-","óbitos por mil nascidos vivos",1
"1","Taxa de mortalidade infantil","Palhano","23.26","7.52","44.25","7.87","-","-","19.23","-","27.03","-","-","20.41","27.03","27.03","24.39","-","20.41","óbitos por mil nascidos vivos",1
"1","Taxa de mortalidade infantil","Palmácia","-","17.7","19.05","9.52","46.88","16.53","15.04","19.42","9.26","18.69","9.09","8.55","-","-","-","9.35","12.2","óbitos por mil nascidos vivos",1
"1","Taxa de mortalidade infantil","Paracuru","12.24","15.59","10.57","14.81","15.18","12.26","3.76","10.95","13.7","10.36","17.86","9.26","8.46","14.85","13.18","10.77","16.67","óbitos por mil nascidos vivos",1
"1","Taxa de mortalidade infantil","Paraipaba","16.28","11.42","6.47","14.08","6.67","15.38","13.79","9.32","9.43","12.53","6.94","19.18","12.68","2.44","4.24","7.04","8.91","óbitos por mil nascidos vivos",1
"1","Taxa de mortalidade infantil","Parambu","21.03","15.73","13.31","16.63","8.25","4.56","5.06","4.93","5.01","14.22","5","10.62","6.94","27.27","12.11","2.19","13.45","óbitos por mil nascidos vivos",1
"1","Taxa de mortalidade infantil","Paramoti","15.08","5.13","5.49","20.83","6.8","37.59","16.39","13.99","34.48","7.09","23.26","-","6.94","9.17","17.24","-","8.26","óbitos por mil nascidos vivos",1
"1","Taxa de mortalidade infantil","Pedra Branca","22.8","19.23","22.22","19.26","15.65","22.57","18.58","11.11","18.35","17.86","12.07","16.85","13.81","10.33","6.3","18.44","17.33","óbitos por mil nascidos vivos",1
"1","Taxa de mortalidade infantil","Penaforte","34.19","-","25.16","20.83","10.75","5.99","11.24","11.24","11.83","5.85","16.48","36.14","10.31","23.92","5.68","5.71","7.63","óbitos por mil nascidos vivos",1
"1","Taxa de mortalidade infantil","Pentecoste","17.24","13.99","22.51","14.65","3.96","7.5","15.09","14.26","13.51","13.91","11.29","13.92","15.65","12.92","7.81","19.27","13.76","óbitos por mil nascidos vivos",1
"1","Taxa de mortalidade infantil","Pereiro","32.49","15.81","8.58","8.33","13.51","19.51","9.26","15","4.37","26.04","29.7","16.13","8.81","9.01","10.42","14.29","22.47","óbitos por mil nascidos vivos",1
"1","Taxa de mortalidade infantil","Pindoretama","11.36","14.08","20.34","21.98","9.93","10.42","17.42","6.73","3.18","13.47","13.07","6.33","12.23","11.73","22.36","6.29","3.72","óbitos por mil nascidos vivos",1
"1","Taxa de mortalidade infantil","Piquet Carneiro","16.76","-","11.56","11.24","18.52","11.24","11.7","19.23","6.45","-","18.87","-","6.33","18.52","25","-","27.59","óbitos por mil nascidos vivos",1
"1","Taxa de mortalidade infantil","Pires Ferreira","21.58","6.37","9.26","8.93","19.61","-","17.7","9.26","9.62","-","21.98","-","-","-","21.28","8.77","9.09","óbitos por mil nascidos vivos",1
"1","Taxa de mortalidade infantil","Poranga","15.87","15.63","14.85","32.09","20.51","31.25","24.39","6.62","25.48","17.96","10.87","16.3","4.83","18.63","6.21","20.13","15.87","óbitos por mil nascidos vivos",1
"1","Taxa de mortalidade infantil","Porteiras","20.62","4.31","20.83","15.38","23.81","7.84","3.82","14.93","11.28","4.17","25.21","7.41","11.36","15.04","8.37","26.22","11.54","óbitos por mil nascidos vivos",1
"1","Taxa de mortalidade infantil","Potengi","69.23","31.75","14.42","29.94","25.25","20.27","7.09","26.14","29.41","7.3","-","7.87","-","14.29","17.54","28.78","9.71","óbitos por mil nascidos vivos",1
"1","Taxa de mortalidade infantil","Potiretama","52.08","25.97","-","24.69","12.35","24.1","-","-","-","13.51","-","-","13.89","-","14.71","14.49","25.64","óbitos por mil nascidos vivos",1
"1","Taxa de mortalidade infantil","Quiterianópolis","28.33","6.45","23.6","10.71","13.61","14.18","27.27","21.74","23.81","11.58","14.02","24.79","15.38","19.23","13.16","12.71","13.1","óbitos por mil nascidos vivos",1
"1","Taxa de mortalidade infantil","Quixadá","17.81","19.54","23.48","13.06","14.26","20.03","8.37","22.71","17.86","16.48","17.23","19.89","8.34","16","21.31","18.64","12.38","óbitos por mil nascidos vivos",1
"1","Taxa de mortalidade infantil","Quixelô","16.88","15.5","8.23","16.06","4.27","38.46","4.9","16.22","11.76","4.46","24.54","11.11","17.94","34.48","26.88","11.43","16.95","óbitos por mil nascidos vivos",1
"1","Taxa de mortalidade infantil","Quixeramobim","13.66","12.57","18.35","11.09","10.65","20.37","13.1","11.87","13.59","7.6","15.83","21.64","17.34","13.81","10.62","10.86","17.38","óbitos por mil nascidos vivos",1
"1","Taxa de mortalidade infantil","Quixeré","21.2","15.87","27.03","16.13","3.51","10","3.68","3.97","23.81","18.75","7.58","14.76","12.61","4.13","15.21","12.05","7.52","óbitos por mil nascidos vivos",1
"1","Taxa de mortalidade infantil","Redenção","15.63","16.39","21.79","11.44","8.64","32.18","17.17","21.22","15.98","8.83","7.98","2.42","10.81","18.92","9.07","5.01","16.71","óbitos por mil nascidos vivos",1
"1","Taxa de mortalidade infantil","Reriutaba","9.65","22.56","14.98","23.08","13.65","-","12.1","17.62","28.69","9.95","9.48","29.79","36","12.3","8.7","-","13.27","óbitos por mil nascidos vivos",1
"1","Taxa de mortalidade infantil","Russas","12.33","8.35","15.26","14.82","10.29","9.31","10.4","12.67","7.12","9.27","17.47","17.29","10.99","13.66","5.38","8.65","9.91","óbitos por mil nascidos vivos",1
"1","Taxa de mortalidade infantil","Saboeiro","36.07","14.04","26.52","19.08","4.35","14.85","27.4","14.56","15.87","15.46","5.15","22.1","10.31","-","6.1","5.24","-","óbitos por mil nascidos vivos",1
"1","Taxa de mortalidade infantil","Salitre","48.46","27.49","17.09","43.77","17.92","31.01","33.33","16.23","20.75","7.41","15.56","22.14","16.67","22.64","14.13","11.63","15.92","óbitos por mil nascidos vivos",1
"1","Taxa de mortalidade infantil","Santana do Acaraú","20.2","14.98","9.88","20.75","22.4","10.5","18.63","22.77","33.33","16.81","13.02","16.87","14.29","13.99","27.33","12.76","13.59","óbitos por mil nascidos vivos",1
"1","Taxa de mortalidade infantil","Santana do Cariri","24.32","20.13","18.87","19.61","28.48","35.24","15.87","14.65","10.47","25.32","8.77","10.31","3.88","6.97","8.2","-","8.7","óbitos por mil nascidos vivos",1
"1","Taxa de mortalidade infantil","Santa Quitéria","26.98","14.64","15.36","15.54","17.36","15.71","13.89","16.64","16.72","24","23.57","10.18","14.87","23.68","9.63","12.02","8.83","óbitos por mil nascidos vivos",1
"1","Taxa de mortalidade infantil","São Benedito","20.71","13.48","22.86","12.97","9.43","14.56","22.99","21.01","10.65","15.36","12.9","10.4","8.03","15.7","9.13","15.01","11.8","óbitos por mil nascidos vivos",1
"1","Taxa de mortalidade infantil","São Gonçalo do Amarante","19.48","14.29","13.42","16.57","10.13","16.8","5.09","15.31","5.81","8.59","13.79","17.97","12.9","16.06","7.26","12.15","7.24","óbitos por mil nascidos vivos",1
"1","Taxa de mortalidade infantil","São João do Jaguaribe","-","11.9","12.2","23.53","13.33","24.1","-","-","13.89","-","-","12.05","13.33","24.69","-","-","55.56","óbitos por mil nascidos vivos",1
"1","Taxa de mortalidade infantil","São Luís do Curu","35.53","5.41","4.67","-","18.07","22.99","12.74","12.99","-","11.17","5.75","12.66","6.37","5.81","-","13.16","27.03","óbitos por mil nascidos vivos",1
"1","Taxa de mortalidade infantil","Senador Pompeu","7.03","28.85","17.63","22.6","31.85","12.99","5.54","16.84","22.51","3.23","39.6","15.67","13.38","21.74","11.58","17.48","7.52","óbitos por mil nascidos vivos",1
"1","Taxa de mortalidade infantil","Senador Sá","23.08","22.73","13.79","9.26","8.85","-","8.13","9.26","-","-","10.2","33.71","-","9.26","9.09","9.71","-","óbitos por mil nascidos vivos",1
"1","Taxa de mortalidade infantil","Sobral","16.72","14.18","13.87","18.93","13.62","18.16","14.85","16.82","13.25","8.36","9.12","7.87","9.43","6.44","10.62","9.88","14.05","óbitos por mil nascidos vivos",1
"1","Taxa de mortalidade infantil","Solonópole","16.26","13.51","14.93","14.78","9.26","14.56","23.53","10.26","17.44","15.31","19.61","33.65","26.04","23.04","6.41","23.26","11.83","óbitos por mil nascidos vivos",1
"1","Taxa de mortalidade infantil","Tabuleiro do Norte","15.2","5.19","24.45","14.93","14.12","18.91","2.6","19.28","17.28","12.44","21.45","14.08","10.61","15.46","14.33","14.33","25.56","óbitos por mil nascidos vivos",1
"1","Taxa de mortalidade infantil","Tamboril","23.61","17.9","13.16","18.82","7.85","6.06","18.52","22.73","20.34","14.75","14.08","3.5","24.17","11.8","21.54","20.71","20.35","óbitos por mil nascidos vivos",1
"1","Taxa de mortalidade infantil","Tarrafas","34.48","47.62","66.67","9.52","24.19","-","-","30.3","33.71","11.63","20.83","18.02","9.8","20.2","9.71","-","12.82","óbitos por mil nascidos vivos",1
"1","Taxa de mortalidade infantil","Tauá","25.47","12.32","13.84","10.34","11.15","10.55","11.17","8.22","12.16","11.2","14.47","8.19","8.96","12.94","14.8","9.07","14.16","óbitos por mil nascidos vivos",1
"1","Taxa de mortalidade infantil","Tejuçuoca","11.72","19.08","24.49","10.91","3.76","15.15","18.38","15.04","12.71","4.03","7.3","17.7","15.09","31.53","29.41","-","4.46","óbitos por mil nascidos vivos",1
"1","Taxa de mortalidade infantil","Tianguá","19.12","25.6","19","18.98","15.01","19.58","11.36","16.43","11.3","9.48","13.38","8.19","12.11","11.56","7.03","11.37","12.53","óbitos por mil nascidos vivos",1
"1","Taxa de mortalidade infantil","Trairi","13.33","9.84","11.6","14.15","20.35","14.14","20.44","11.71","15.58","11.25","16.58","10.8","10.03","12.26","4.68","12.17","12.18","óbitos por mil nascidos vivos",1
"1","Taxa de mortalidade infantil","Tururu","6.67","16","8.62","12.61","12.05","7.58","19.38","-","11.07","13.07","13.94","7.49","15.27","24.69","7.91","3.75","24.1","óbitos por mil nascidos vivos",1
"1","Taxa de mortalidade infantil","Ubajara","12.7","24.63","12.24","15.82","16.19","9.54","18.35","3.62","18.15","19.11","14.6","13.07","22.1","13.42","18.15","10.4","8.73","óbitos por mil nascidos vivos",1
"1","Taxa de mortalidade infantil","Umari","22.73","16.39","33.9","10.42","28.85","25.64","50","41.24","11.63","31.25","-","11.36","10.75","-","-","-","-","óbitos por mil nascidos vivos",1
"1","Taxa de mortalidade infantil","Umirim","22.29","14.55","17.73","20.55","7.55","6.49","10.53","16.29","12.9","16.67","14.98","21.9","16.61","17.73","14.44","12.82","12.2","óbitos por mil nascidos vivos",1
"1","Taxa de mortalidade infantil","Uruburetama","35.53","2.56","8.17","8.52","16.81","4.87","8.98","14.79","16.81","5.54","11.27","14.58","10.03","28.42","14.16","15.15","12.86","óbitos por mil nascidos vivos",1
"1","Taxa de mortalidade infantil","Uruoca","16.95","10.42","10.15","9.8","16.76","15","5.68","-","5.81","31.75","20.13","18.87","21.28","10.05","18.52","29.07","5.78","óbitos por mil nascidos vivos",1
"1","Taxa de mortalidade infantil","Varjota","13.84","23.08","13.27","15.87","18.59","10.75","21.66","20.98","12.35","-","10.99","11.81","12.2","3.66","7.41","11.63","3.86","óbitos por mil nascidos vivos",1
"1","Taxa de mortalidade infantil","Várzea Alegre","10.45","9.84","26.36","10.81","9.47","7.69","4.07","17.58","11.03","5.49","10.29","8.55","11.28","4.02","10.68","11.01","12.38","óbitos por mil nascidos vivos",1
"1","Taxa de mortalidade infantil","Viçosa do Ceará","13.06","18.33","19.63","23.53","16.11","8.12","12.89","11.9","9.76","7.22","9.67","17.2","13.41","7.1","8.14","12.11","9.22","óbitos por mil nascidos vivos",1
"1.1","Nascidos vivos","Apuiarés","187","189","157","179","145","178","144","151","148","152","133","152","131","180","153","169","139","nascimentos",1
"1.1","Nascidos vivos","Caririaçu","469","444","458","409","425","357","411","393","355","373","391","391","419","458","396","375","383","nascimentos",1
"1.1","Nascidos vivos","Senador Pompeu","427","416","397","354","314","308","361","297","311","310","303","319","299","276","259","286","266","nascimentos",1
"1.1","Nascidos vivos","Quixeré","283","315","333","310","285","300","272","252","294","320","264","271","238","242","263","249","266","nascimentos",1
"1.1","Nascidos vivos","Ipueiras","632","584","615","543","571","568","496","470","465","482","453","485","527","483","523","471","452","nascimentos",1
"1.1","Nascidos vivos","Itarema","772","736","700","737","724","685","671","623","620","671","627","724","720","711","793","708","632","nascimentos",1
"1.1","Nascidos vivos","Nova Russas","536","478","416","510","441","421","422","382","335","385","351","367","430","368","369","392","338","nascimentos",1
"1.1","Nascidos vivos","Tabuleiro do Norte","329","385","409","402","425","423","384","363","405","402","373","355","377","388","349","349","313","nascimentos",1
"1.1","Nascidos vivos","Maranguape","1439","1365","1370","1356","1207","1343","1377","1399","1421","1518","1564","1527","1535","1516","1325","1219","1189","nascimentos",1
"1.1","Nascidos vivos","Icó","1080","1119","1038","1037","915","871","882","878","953","903","841","904","897","893","832","701","656","nascimentos",1
"1.1","Nascidos vivos","Araripe","435","489","491","438","396","400","369","341","345","359","354","390","363","366","333","346","298","nascimentos",1
"1.1","Nascidos vivos","Itapajé","894","866","869","668","807","770","777","703","775","760","702","722","717","780","659","630","558","nascimentos",1
"1.1","Nascidos vivos","Potengi","130","189","208","167","198","148","141","153","136","137","122","127","123","140","114","139","103","nascimentos",1
"1.1","Nascidos vivos","Morrinhos","326","367","382","337","362","276","315","318","284","244","251","315","378","320","333","328","330","nascimentos",1
"1.1","Nascidos vivos","Ibiapina","438","422","412","393","381","345","340","346","331","368","360","346","385","376","383","378","384","nascimentos",1
"1.1","Nascidos vivos","Altaneira","102","105","91","94","88","96","120","92","93","111","112","113","107","130","106","111","120","nascimentos",1
"1.1","Nascidos vivos","Jucás","386","402","410","375","375","370","337","322","363","342","307","341","364","304","284","323","297","nascimentos",1
"1.1","Nascidos vivos","Aquiraz","1033","1002","846","862","899","998","986","943","1078","1246","1123","1079","1206","1189","1124","1151","1069","nascimentos",1
"1.1","Nascidos vivos","Itaitinga","376","485","507","464","373","449","425","490","455","570","624","611","696","673","702","754","686","nascimentos",1
"1.1","Nascidos vivos","Carnaubal","273","258","249","253","272","238","219","234","226","237","234","269","237","266","225","276","238","nascimentos",1
"1.1","Nascidos vivos","Ocara","336","351","300","318","341","307","285","276","297","330","275","286","303","286","274","272","245","nascimentos",1
"1.1","Nascidos vivos","Farias Brito","264","296","340","309","302","303","271","275","251","304","210","248","272","267","242","241","195","nascimentos",1
"1.1","Nascidos vivos","Tianguá","1360","1250","1316","1212","1266","1226","1321","1278","1328","1372","1420","1465","1486","1471","1422","1495","1357","nascimentos",1
"1.1","Nascidos vivos","Orós","347","303","294","313","309","299","275","289","262","285","287","266","262","269","222","211","222","nascimentos",1
"1.1","Nascidos vivos","Missão Velha","463","635","554","605","635","578","578","592","567","634","547","584","628","595","579","612","565","nascimentos",1
"1.1","Nascidos vivos","Martinópole","150","179","204","139","174","163","174","162","168","150","144","151","180","172","189","187","190","nascimentos",1
"1.1","Nascidos vivos","Morada Nova","865","861","853","831","860","787","693","686","716","762","720","755","698","769","691","729","686","nascimentos",1
"1.1","Nascidos vivos","Ibicuitinga","161","177","175","164","161","175","148","197","156","158","141","156","149","149","131","119","114","nascimentos",1
"1.1","Nascidos vivos","Santa Quitéria","630","683","651","579","576","573","576","541","598","375","297","491","538","549","519","499","453","nascimentos",1
"1.1","Nascidos vivos","São Benedito","821","890","831","848","848","824","783","809","751","781","775","769","747","828","767","733","763","nascimentos",1
"1.1","Nascidos vivos","Tururu","300","250","232","238","249","264","258","218","271","306","287","267","262","243","253","267","249","nascimentos",1
"1.1","Nascidos vivos","Jaguaretama","253","266","239","240","227","231","238","188","174","195","169","186","236","215","225","226","206","nascimentos",1
"1.1","Nascidos vivos","Pereiro","277","253","233","240","222","205","216","200","229","192","202","186","227","222","192","210","178","nascimentos",1
"1.1","Nascidos vivos","Moraújo","124","117","133","113","112","102","127","118","127","105","94","109","123","139","112","101","114","nascimentos",1
"1.1","Nascidos vivos","Cariré","216","236","224","251","223","196","193","202","227","198","207","190","237","244","254","236","208","nascimentos",1
"1.1","Nascidos vivos","Chaval","216","200","222","216","233","238","209","213","174","200","193","202","200","203","166","173","151","nascimentos",1
"1.1","Nascidos vivos","Itaiçaba","81","75","75","86","110","83","76","75","101","96","97","87","91","92","91","81","68","nascimentos",1
"1.1","Nascidos vivos","Jaguaribara","145","164","177","166","163","147","131","142","148","159","145","137","162","143","137","116","122","nascimentos",1
"1.1","Nascidos vivos","Boa Viagem","849","764","798","805","736","732","754","632","683","680","613","638","723","616","646","652","565","nascimentos",1
"1.1","Nascidos vivos","Alto Santo","231","226","191","194","182","213","200","177","189","217","217","180","194","178","165","188","178","nascimentos",1
"1.1","Nascidos vivos","Caucaia","4565","5116","4946","4881","4702","4929","4821","5058","5012","5396","5044","5428","5475","5346","5124","4979","4789","nascimentos",1
"1.1","Nascidos vivos","Banabuiú","330","305","295","287","295","275","265","252","257","269","291","262","294","264","246","226","203","nascimentos",1
"1.1","Nascidos vivos","Tauá","589","893","795","774","807","758","716","730","740","714","760","733","781","773","743","772","706","nascimentos",1
"1.1","Nascidos vivos","Redenção","512","366","459","437","463","404","466","377","438","453","376","413","370","370","441","399","359","nascimentos",1
"1.1","Nascidos vivos","Pentecoste","580","572","533","546","505","533","530","561","444","575","443","503","575","542","512","467","436","nascimentos",1
"1.1","Nascidos vivos","Pindoretama","264","284","295","273","302","288","287","297","314","297","306","316","327","341","313","318","269","nascimentos",1
"1.1","Nascidos vivos","Crateús","1356","1221","1176","1044","1115","1056","1047","939","1023","1095","954","913","1071","1100","981","951","926","nascimentos",1
"1.1","Nascidos vivos","Quiterianópolis","353","310","339","280","294","282","220","230","252","259","214","242","260","260","228","236","229","nascimentos",1
"1.1","Nascidos vivos","Tejuçuoca","256","262","245","275","266","264","272","266","236","248","274","226","265","222","238","209","224","nascimentos",1
"1.1","Nascidos vivos","Penaforte","117","152","159","144","186","167","178","178","169","171","182","166","194","209","176","175","131","nascimentos",1
"1.1","Nascidos vivos","Forquilha","367","378","355","366","314","331","307","315","317","244","265","281","340","327","331","265","240","nascimentos",1
"1.1","Nascidos vivos","Tamboril","466","447","380","425","382","330","324","264","295","339","284","286","331","339","325","338","344","nascimentos",1
"1.1","Nascidos vivos","Santana do Acaraú","594","601","506","482","491","476","483","483","480","357","384","415","420","429","439","392","368","nascimentos",1
"1.1","Nascidos vivos","Poranga","252","192","202","187","195","160","164","151","157","167","184","184","207","161","161","149","126","nascimentos",1
"1.1","Nascidos vivos","Aiuaba","247","256","200","227","226","196","211","160","156","169","172","184","193","175","199","163","163","nascimentos",1
"1.1","Nascidos vivos","Chorozinho","330","272","243","252","258","288","279","300","307","291","263","235","313","312","270","261","190","nascimentos",1
"1.1","Nascidos vivos","Sobral","3169","3245","3100","3169","3084","3193","3164","3269","3471","3468","3288","3305","3392","3262","3107","2934","2776","nascimentos",1
"1.1","Nascidos vivos","Piquet Carneiro","179","172","173","178","162","178","171","156","155","162","159","144","158","162","120","156","145","nascimentos",1
"1.1","Nascidos vivos","Paracuru","490","513","473","540","461","571","532","639","584","579","616","648","591","606","607","557","540","nascimentos",1
"1.1","Nascidos vivos","Guaramiranga","106","91","98","88","79","96","95","76","82","73","75","77","88","67","76","86","74","nascimentos",1
"1.1","Nascidos vivos","Barro","293","274","285","293","279","305","281","284","264","219","210","258","241","233","219","236","207","nascimentos",1
"1.1","Nascidos vivos","Limoeiro do Norte","776","789","841","794","774","821","766","785","756","847","770","793","784","730","731","705","698","nascimentos",1
"1.1","Nascidos vivos","Russas","892","958","983","1012","972","967","962","947","983","1079","916","983","1001","952","929","925","908","nascimentos",1
"1.1","Nascidos vivos","São João do Jaguaribe","85","84","82","85","75","83","81","64","72","73","81","83","75","81","59","50","36","nascimentos",1
"1.1","Nascidos vivos","Bela Cruz","481","524","514","420","421","378","432","410","373","451","387","394","399","427","386","399","356","nascimentos",1
"1.1","Nascidos vivos","Miraíma","233","255","229","241","217","212","214","195","198","211","175","173","182","208","189","170","152","nascimentos",1
"1.1","Nascidos vivos","Pacujá","81","86","88","97","83","79","88","80","74","73","64","83","80","68","83","72","80","nascimentos",1
"1.1","Nascidos vivos","Maracanaú","3538","3713","4191","4564","4554","4371","4256","4112","4472","4672","4398","4420","4432","4543","4137","4149","3658","nascimentos",1
"1.1","Nascidos vivos","Ararendá","190","170","150","143","140","135","115","99","125","101","115","121","155","149","142","132","153","nascimentos",1
"1.1","Nascidos vivos","Palmácia","133","113","105","105","128","121","133","103","108","107","110","117","101","132","117","107","82","nascimentos",1
"1.1","Nascidos vivos","Catunda","170","142","170","125","117","106","127","123","109","96","78","123","94","111","104","85","100","nascimentos",1
"1.1","Nascidos vivos","Itapiúna","154","349","304","269","266","280","251","230","231","280","225","226","222","222","203","225","182","nascimentos",1
"1.1","Nascidos vivos","Abaiara","98","123","137","132","144","151","155","116","135","139","120","129","154","146","151","147","149","nascimentos",1
"1.1","Nascidos vivos","Barbalha","802","1018","1074","1065","1031","1135","1049","1095","1118","1152","1126","1179","1203","1260","1278","1193","1111","nascimentos",1
"1.1","Nascidos vivos","Umari","132","122","118","96","104","78","80","97","86","96","65","88","93","87","79","70","73","nascimentos",1
"1.1","Nascidos vivos","Uruoca","177","192","197","204","179","200","176","188","172","126","149","159","188","199","162","172","173","nascimentos",1
"1.1","Nascidos vivos","Quixadá","1404","1382","1363","1378","1262","1348","1314","1189","1232","1274","1277","1307","1438","1375","1267","1234","1212","nascimentos",1
"1.1","Nascidos vivos","Canindé","1064","1219","1256","1169","1214","1072","1117","1049","1122","1160","1056","1072","1174","1133","1043","1078","1018","nascimentos",1
"1.1","Nascidos vivos","Amontada","833","765","728","757","690","706","704","676","627","707","689","722","759","699","688","772","658","nascimentos",1
"1.1","Nascidos vivos","Independência","378","356","341","344","344","322","312","262","308","292","260","296","323","267","301","307","295","nascimentos",1
"1.1","Nascidos vivos","Mucambo","202","198","228","220","182","189","189","175","164","140","163","173","187","158","172","158","186","nascimentos",1
"1.1","Nascidos vivos","Jati","106","107","101","98","109","133","114","106","118","130","142","131","123","132","119","88","93","nascimentos",1
"1.1","Nascidos vivos","Senador Sá","130","88","145","108","113","105","123","108","108","68","98","89","112","108","110","103","93","nascimentos",1
"1.1","Nascidos vivos","Assaré","155","348","321","272","292","294","331","296","253","305","271","286","291","298","271","282","259","nascimentos",1
"1.1","Nascidos vivos","São Gonçalo do Amarante","616","560","596","664","691","774","786","784","860","931","943","946","930","872","826","823","829","nascimentos",1
"1.1","Nascidos vivos","Groaíras","155","138","150","125","122","132","152","120","144","98","120","119","127","164","146","122","114","nascimentos",1
"1.1","Nascidos vivos","Itapipoca","2271","2062","2103","2144","2122","2074","2032","1988","2079","2163","1988","2018","2245","2206","2073","2115","2045","nascimentos",1
"1.1","Nascidos vivos","Croatá","290","267","281","263","225","225","222","204","233","244","192","187","225","265","256","263","210","nascimentos",1
"1.1","Nascidos vivos","Ibaretama","258","242","191","221","221","198","197","182","208","204","213","193","204","203","182","169","165","nascimentos",1
"1.1","Nascidos vivos","Monsenhor Tabosa","291","277","249","243","261","211","232","203","216","192","239","224","258","246","202","215","189","nascimentos",1
"1.1","Nascidos vivos","Marco","496","461","500","516","494","502","503","516","494","498","496","490","582","534","549","513","530","nascimentos",1
"1.1","Nascidos vivos","Pacoti","150","179","201","186","185","186","154","148","169","173","163","154","157","153","121","131","123","nascimentos",1
"1.1","Nascidos vivos","Uruburetama","394","390","367","352","357","411","334","338","357","361","355","343","399","387","353","330","311","nascimentos",1
"1.1","Nascidos vivos","Frecheirinha","212","219","243","200","197","212","225","249","259","194","207","242","272","263","274","235","232","nascimentos",1
"1.1","Nascidos vivos","Ipu","653","647","646","598","601","586","571","563","556","570","555","585","670","671","692","647","544","nascimentos",1
"1.1","Nascidos vivos","Mulungu","142","135","158","166","144","128","146","134","148","147","132","131","125","127","142","151","116","nascimentos",1
"1.1","Nascidos vivos","Acaraú","1028","913","965","916","943","964","961","968","964","1039","1010","1021","1054","1075","1014","970","969","nascimentos",1
"1.1","Nascidos vivos","Crato","2161","2066","2167","2075","2136","2108","2130","2049","2230","2168","2143","2138","2266","2212","2101","2083","1884","nascimentos",1
"1.1","Nascidos vivos","Pedra Branca","658","676","630","675","639","576","592","540","545","504","497","534","507","484","476","488","404","nascimentos",1
"1.1","Nascidos vivos","Beberibe","695","734","689","628","544","614","567","600","579","696","672","599","657","702","579","643","569","nascimentos",1
"1.1","Nascidos vivos","Caridade","283","330","272","253","243","221","231","273","261","253","226","240","243","277","212","239","195","nascimentos",1
"1.1","Nascidos vivos","Cascavel","1065","852","930","928","910","936","860","970","987","1014","978","1003","1023","1075","1008","938","888","nascimentos",1
"1.1","Nascidos vivos","Aracoiaba","365","383","359","402","340","378","358","390","382","363","395","383","418","375","345","341","301","nascimentos",1
"1.1","Nascidos vivos","Acarape","213","209","216","249","213","195","242","243","237","224","226","206","199","215","187","189","184","nascimentos",1
"1.1","Nascidos vivos","Paramoti","199","195","182","144","147","133","122","143","145","141","129","115","144","109","116","100","121","nascimentos",1
"1.1","Nascidos vivos","Irauçuba","320","371","369","367","401","378","383","312","355","297","304","288","357","360","365","398","330","nascimentos",1
"1.1","Nascidos vivos","Pacajus","946","945","964","907","925","859","902","973","972","1011","865","911","918","938","920","953","889","nascimentos",1
"1.1","Nascidos vivos","Icapuí","279","267","312","283","227","252","218","232","260","268","244","269","228","245","265","204","201","nascimentos",1
"1.1","Nascidos vivos","Jijoca de Jericoacoara","297","328","328","250","286","259","246","290","290","278","306","355","432","417","392","377","393","nascimentos",1
"1.1","Nascidos vivos","Choró","258","212","226","222","210","203","193","204","206","196","191","176","235","168","141","170","147","nascimentos",1
"1.1","Nascidos vivos","Aratuba","222","183","194","202","205","168","188","156","180","172","152","163","172","176","148","152","144","nascimentos",1
"1.1","Nascidos vivos","Saboeiro","305","285","264","262","230","202","219","206","189","194","194","181","194","188","164","191","145","nascimentos",1
"1.1","Nascidos vivos","Granjeiro","72","55","77","66","59","76","62","75","52","58","63","72","77","73","73","74","60","nascimentos",1
"1.1","Nascidos vivos","Ereré","63","78","56","60","41","37","48","50","45","30","15","23","22","34","36","27","54","nascimentos",1
"1.1","Nascidos vivos","Eusébio","783","821","818","770","785","821","884","999","1083","1258","1250","1273","1228","1228","1199","1221","1102","nascimentos",1
"1.1","Nascidos vivos","Massapê","629","624","527","563","600","517","574","546","519","422","484","532","643","619","590","539","514","nascimentos",1
"1.1","Nascidos vivos","Brejo Santo","523","695","671","708","721","711","653","693","698","803","699","738","852","798","782","666","705","nascimentos",1
"1.1","Nascidos vivos","Madalena","238","260","232","226","233","247","248","205","195","208","194","238","231","198","175","178","178","nascimentos",1
"1.1","Nascidos vivos","Capistrano","223","285","265","262","237","238","228","256","245","294","228","240","280","250","249","220","234","nascimentos",1
"1.1","Nascidos vivos","Porteiras","291","232","192","195","294","255","262","268","266","240","238","270","264","266","239","267","260","nascimentos",1
"1.1","Nascidos vivos","Milhã","188","176","163","178","158","157","150","130","121","172","159","153","157","150","140","150","144","nascimentos",1
"1.1","Nascidos vivos","Antonina do Norte","115","140","140","116","125","121","112","112","99","76","79","96","109","103","90","80","97","nascimentos",1
"1.1","Nascidos vivos","Jaguaruana","460","369","430","433","407","377","439","419","389","418","440","406","414","370","353","369","304","nascimentos",1
"1.1","Nascidos vivos","Varjota","289","260","226","252","269","279","277","286","243","208","273","254","328","273","270","258","259","nascimentos",1
"1.1","Nascidos vivos","Graça","254","251","260","225","184","202","159","175","148","137","187","159","161","170","180","199","146","nascimentos",1
"1.1","Nascidos vivos","Acopiara","801","784","784","785","734","682","658","578","631","629","584","563","589","603","545","552","519","nascimentos",1
"1.1","Nascidos vivos","Itatira","346","397","383","324","334","289","310","259","304","327","277","304","324","328","319","271","247","nascimentos",1
"1.1","Nascidos vivos","Iracema","221","184","172","182","175","173","180","156","185","189","182","155","150","177","170","142","135","nascimentos",1
"1.1","Nascidos vivos","Guaiúba","350","341","371","383","335","369","363","325","370","319","353","343","353","335","309","296","258","nascimentos",1
"1.1","Nascidos vivos","Novo Oriente","427","464","407","388","336","363","404","359","374","365","362","364","330","379","329","357","312","nascimentos",1
"1.1","Nascidos vivos","Horizonte","819","852","956","976","949","1039","1048","1025","1207","1288","1118","1238","1283","1220","1134","1096","1049","nascimentos",1
"1.1","Nascidos vivos","Jaguaribe","541","534","575","464","485","481","449","454","514","480","392","487","481","459","451","415","367","nascimentos",1
"1.1","Nascidos vivos","Cedro","445","380","386","356","339","320","242","273","334","278","278","286","325","319","270","254","264","nascimentos",1
"1.1","Nascidos vivos","Aurora","361","345","348","365","382","348","318","299","359","350","306","299","310","321","329","302","301","nascimentos",1
"1.1","Nascidos vivos","Mombaça","670","700","627","628","610","551","462","460","484","541","476","490","531","509","470","461","430","nascimentos",1
"1.1","Nascidos vivos","Baturité","576","613","583","560","495","491","465","480","578","540","481","485","547","543","488","490","444","nascimentos",1
"1.1","Nascidos vivos","Lavras da Mangabeira","386","438","382","380","413","355","319","331","339","387","371","335","341","350","334","338","287","nascimentos",1
"1.1","Nascidos vivos","Potiretama","96","77","69","81","81","83","64","70","81","74","66","80","72","76","68","69","78","nascimentos",1
"1.1","Nascidos vivos","Várzea Alegre","574","610","607","555","528","520","492","512","544","546","486","468","532","498","468","454","404","nascimentos",1
"1.1","Nascidos vivos","Salitre","227","291","351","297","279","258","300","308","241","270","257","271","300","265","283","344","314","nascimentos",1
"1.1","Nascidos vivos","Nova Olinda","214","212","270","284","263","238","242","262","244","286","247","273","273","273","250","239","226","nascimentos",1
"1.1","Nascidos vivos","Parambu","428","572","526","481","485","439","395","406","399","422","400","471","432","440","413","456","446","nascimentos",1
"1.1","Nascidos vivos","Palhano","129","133","113","127","130","117","104","99","111","118","111","98","111","111","123","105","98","nascimentos",1
"1.1","Nascidos vivos","São Luís do Curu","197","185","214","188","166","174","157","154","201","179","174","158","157","172","161","152","111","nascimentos",1
"1.1","Nascidos vivos","Reriutaba","311","266","267","260","293","249","248","227","244","201","211","235","250","244","230","254","226","nascimentos",1
"1.1","Nascidos vivos","Catarina","173","190","160","176","178","167","130","144","144","157","128","135","148","91","135","128","127","nascimentos",1
"1.1","Nascidos vivos","Milagres","383","420","470","449","439","408","415","412","398","392","362","350","348","384","347","350","353","nascimentos",1
"1.1","Nascidos vivos","General Sampaio","74","126","120","106","116","126","97","76","87","86","88","107","120","109","108","88","96","nascimentos",1
"1.1","Nascidos vivos","Pires Ferreira","139","157","108","112","102","120","113","108","104","101","91","112","117","77","94","114","110","nascimentos",1
"1.1","Nascidos vivos","Jardim","294","542","494","514","490","409","431","453","438","493","450","440","408","415","444","392","352","nascimentos",1
"1.1","Nascidos vivos","Iguatu","1462","1387","1505","1329","1408","1367","1392","1265","1392","1391","1256","1288","1409","1368","1340","1429","1169","nascimentos",1
"1.1","Nascidos vivos","Hidrolândia","297","282","287","284","277","213","232","231","202","204","181","205","273","255","240","240","231","nascimentos",1
"1.1","Nascidos vivos","Solonópole","246","222","201","203","216","206","170","195","172","196","204","208","192","217","156","215","169","nascimentos",1
"1.1","Nascidos vivos","Paraipaba","430","438","464","426","450","455","435","429","424","479","432","417","473","410","472","426","449","nascimentos",1
"1.1","Nascidos vivos","Trairi","750","813","776","848","737","778","587","683","770","711","784","833","897","734","855","822","821","nascimentos",1
"1.1","Nascidos vivos","Santana do Cariri","329","298","318","306","316","227","252","273","191","237","228","194","258","287","244","251","230","nascimentos",1
"1.1","Nascidos vivos","Baixio","69","89","82","79","81","54","78","79","60","81","50","72","78","67","61","55","46","nascimentos",1
"1.1","Nascidos vivos","Quixelô","237","258","243","249","234","208","204","185","170","224","163","180","223","174","186","175","177","nascimentos",1
"1.1","Nascidos vivos","Granja","715","848","901","862","850","812","744","684","737","841","729","805","877","812","785","782","722","nascimentos",1
"1.1","Nascidos vivos","Coreaú","353","340","335","312","320","340","289","284","304","248","280","268","331","303","325","303","266","nascimentos",1
"1.1","Nascidos vivos","Ipaporanga","193","184","191","142","173","169","132","134","138","160","140","151","152","146","129","139","133","nascimentos",1
"1.1","Nascidos vivos","Ipaumirim","210","171","185","182","159","162","139","140","155","135","125","158","132","147","116","118","120","nascimentos",1
"1.1","Nascidos vivos","Mauriti","746","782","738","724","756","708","671","678","714","739","662","719","717","716","630","703","665","nascimentos",1
"1.1","Nascidos vivos","Pacatuba","836","810","836","754","735","766","830","785","940","954","962","1004","970","1019","966","1029","1049","nascimentos",1
"1.1","Nascidos vivos","Juazeiro do Norte","4146","4218","4088","4409","4127","4268","4106","4135","4159","4177","4191","4122","4292","4158","3983","3914","3634","nascimentos",1
"1.1","Nascidos vivos","Viçosa do Ceará","1072","1091","1070","1020","1055","985","931","924","922","969","931","930","1044","986","983","991","868","nascimentos",1
"1.1","Nascidos vivos","Cruz","393","416","376","396","355","357","339","351","339","384","415","412","481","498","440","459","438","nascimentos",1
"1.1","Nascidos vivos","Camocim","1306","1126","1027","913","987","1066","964","931","1012","913","944","967","1003","1014","950","958","894","nascimentos",1
"1.1","Nascidos vivos","Cariús","223","229","259","237","211","226","222","210","193","209","198","213","206","203","169","156","196","nascimentos",1
"1.1","Nascidos vivos","Fortim","211","193","204","184","189","148","164","157","177","212","177","194","189","197","183","213","214","nascimentos",1
"1.1","Nascidos vivos","Barreira","339","291","304","281","274","296","317","321","296","319","299","317","341","331","356","300","265","nascimentos",1
"1.1","Nascidos vivos","Deputado Irapuan Pinheiro","126","122","128","132","113","112","91","85","92","89","83","88","96","87","77","86","88","nascimentos",1
"1.1","Nascidos vivos","Arneiroz","78","111","119","118","97","96","112","69","95","103","84","90","89","114","92","88","75","nascimentos",1
"1.1","Nascidos vivos","Tarrafas","87","105","105","105","124","80","91","99","89","86","96","111","102","99","103","81","78","nascimentos",1
"1.1","Nascidos vivos","Barroquinha","131","236","215","204","204","197","212","205","207","233","243","225","230","219","204","225","209","nascimentos",1
"1.1","Nascidos vivos","Meruoca","220","260","212","219","213","210","200","215","189","174","176","212","208","247","192","201","174","nascimentos",1
"1.1","Nascidos vivos","Alcântaras","191","166","132","135","163","130","155","157","145","126","118","121","141","148","158","153","129","nascimentos",1
"1.1","Nascidos vivos","Guaraciaba do Norte","741","689","628","701","636","650","614","579","593","607","626","680","690","693","659","677","594","nascimentos",1
"1.1","Nascidos vivos","Campos Sales","461","485","385","401","339","407","420","402","361","379","379","363","368","420","330","367","366","nascimentos",1
"1.1","Nascidos vivos","Umirim","314","275","282","292","265","308","285","307","310","300","267","274","301","282","277","234","246","nascimentos",1
"1.1","Nascidos vivos","Ubajara","551","609","572","569","556","524","545","552","496","471","548","459","543","596","496","481","458","nascimentos",1
"1.1","Nascidos vivos","Fortaleza","40244","37733","38798","37645","36755","37511","37577","36822","38195","39512","37451","36718","35833","34957","32376","31744","29676","nascimentos",1
"1.1","Nascidos vivos","Quixeramobim","1318","1193","1090","1172","1127","1129","1069","1011","1104","1184","1074","1063","1211","1231","1130","1197","1093","nascimentos",1
"1.1","Nascidos vivos","Aracati","1196","969","985","1043","1047","976","972","965","908","1020","1046","994","979","1019","965","941","866","nascimentos",1
"1.2","Óbitos - Idade menor que 1 ano","Jucás","11","3","3","7","2","8","6","6","1","8","-","8","6","6","2","4","2","óbitos",1
"1.2","Óbitos - Idade menor que 1 ano","Itaiçaba","-","3","1","1","1","-","-","6","-","1","2","1","1","2","1","1","1","óbitos",1
"1.2","Óbitos - Idade menor que 1 ano","Guaraciaba do Norte","11","14","7","9","14","6","15","7","8","4","10","13","11","13","6","9","5","óbitos",1
"1.2","Óbitos - Idade menor que 1 ano","Groaíras","2","2","1","2","1","2","6","2","2","3","-","2","1","1","3","-","-","óbitos",1
"1.2","Óbitos - Idade menor que 1 ano","Fortaleza","700","590","573","589","438","480","420","434","435","458","427","497","410","408","389","348","348","óbitos",1
"1.2","Óbitos - Idade menor que 1 ano","Tururu","2","4","2","3","3","2","5","-","3","4","4","2","4","6","2","1","6","óbitos",1
"1.2","Óbitos - Idade menor que 1 ano","Palhano","3","1","5","1","-","-","2","-","3","-","-","2","3","3","3","-","2","óbitos",1
"1.2","Óbitos - Idade menor que 1 ano","São Gonçalo do Amarante","12","8","8","11","7","13","4","12","5","8","13","17","12","14","6","10","6","óbitos",1
"1.2","Óbitos - Idade menor que 1 ano","Pacoti","1","5","3","1","2","-","1","-","-","1","1","3","-","3","3","4","1","óbitos",1
"1.2","Óbitos - Idade menor que 1 ano","Mauriti","8","7","15","9","13","9","14","12","13","20","7","5","12","9","14","11","10","óbitos",1
"1.2","Óbitos - Idade menor que 1 ano","Potengi","9","6","3","5","5","3","1","4","4","1","-","1","-","2","2","4","1","óbitos",1
"1.2","Óbitos - Idade menor que 1 ano","Monsenhor Tabosa","8","6","5","4","8","3","2","3","-","6","8","5","7","1","5","4","2","óbitos",1
"1.2","Óbitos - Idade menor que 1 ano","Beberibe","11","8","9","5","2","7","-","7","9","5","6","4","9","8","10","4","9","óbitos",1
"1.2","Óbitos - Idade menor que 1 ano","Ocara","5","3","3","3","1","5","4","4","4","6","2","6","3","1","3","1","9","óbitos",1
"1.2","Óbitos - Idade menor que 1 ano","Carnaubal","6","6","12","10","4","2","2","6","4","1","3","6","4","3","2","-","3","óbitos",1
"1.2","Óbitos - Idade menor que 1 ano","Quixeré","6","5","9","5","1","3","1","1","7","6","2","4","3","1","4","3","2","óbitos",1
"1.2","Óbitos - Idade menor que 1 ano","Maracanaú","52","33","53","45","40","36","30","42","41","50","41","51","41","38","39","35","30","óbitos",1
"1.2","Óbitos - Idade menor que 1 ano","Apuiarés","1","3","4","2","2","1","2","1","3","3","2","3","-","2","-","-","2","óbitos",1
"1.2","Óbitos - Idade menor que 1 ano","Parambu","9","9","7","8","4","2","2","2","2","6","2","5","3","12","5","1","6","óbitos",1
"1.2","Óbitos - Idade menor que 1 ano","Tianguá","26","32","25","23","19","24","15","21","15","13","19","12","18","17","10","17","17","óbitos",1
"1.2","Óbitos - Idade menor que 1 ano","Uruoca","3","2","2","2","3","3","1","-","1","4","3","3","4","2","3","5","1","óbitos",1
"1.2","Óbitos - Idade menor que 1 ano","Várzea Alegre","6","6","16","6","5","4","2","9","6","3","5","4","6","2","5","5","5","óbitos",1
"1.2","Óbitos - Idade menor que 1 ano","Milagres","4","7","6","2","9","7","7","5","5","7","3","5","-","4","8","4","3","óbitos",1
"1.2","Óbitos - Idade menor que 1 ano","Senador Pompeu","3","12","7","8","10","4","2","5","7","1","12","5","4","6","3","5","2","óbitos",1
"1.2","Óbitos - Idade menor que 1 ano","Jardim","10","10","8","4","10","9","7","6","11","8","7","4","5","2","4","6","7","óbitos",1
"1.2","Óbitos - Idade menor que 1 ano","Ipu","10","12","9","6","6","14","8","6","5","6","4","6","12","6","5","6","7","óbitos",1
"1.2","Óbitos - Idade menor que 1 ano","Crateús","31","22","20","19","14","15","18","15","13","22","21","12","17","21","13","11","10","óbitos",1
"1.2","Óbitos - Idade menor que 1 ano","General Sampaio","3","2","1","-","1","1","1","2","2","1","1","2","3","1","1","-","3","óbitos",1
"1.2","Óbitos - Idade menor que 1 ano","Pereiro","9","4","2","2","3","4","2","3","1","5","6","3","2","2","2","3","4","óbitos",1
"1.2","Óbitos - Idade menor que 1 ano","Santana do Cariri","8","6","6","6","9","8","4","4","2","6","2","2","1","2","2","-","2","óbitos",1
"1.2","Óbitos - Idade menor que 1 ano","Orós","4","4","2","7","2","5","4","4","2","6","1","3","1","4","6","-","2","óbitos",1
"1.2","Óbitos - Idade menor que 1 ano","Cruz","4","4","5","4","4","6","3","8","4","7","3","5","7","2","4","6","8","óbitos",1
"1.2","Óbitos - Idade menor que 1 ano","Cariré","11","5","4","3","4","4","4","4","3","5","-","3","3","1","2","3","1","óbitos",1
"1.2","Óbitos - Idade menor que 1 ano","Farias Brito","6","6","5","2","5","4","3","5","2","5","3","3","2","3","7","4","9","óbitos",1
"1.2","Óbitos - Idade menor que 1 ano","Altaneira","1","2","1","4","1","3","4","3","2","1","1","1","-","-","1","1","2","óbitos",1
"1.2","Óbitos - Idade menor que 1 ano","Baixio","-","-","-","1","1","2","-","2","1","4","1","2","-","1","-","-","-","óbitos",1
"1.2","Óbitos - Idade menor que 1 ano","Massapê","19","13","7","10","12","8","8","9","3","6","5","10","10","8","12","7","6","óbitos",1
"1.2","Óbitos - Idade menor que 1 ano","Martinópole","6","2","4","1","1","6","5","5","3","3","2","-","1","1","1","2","1","óbitos",1
"1.2","Óbitos - Idade menor que 1 ano","Ubajara","7","15","7","9","9","5","10","2","9","9","8","6","12","8","9","5","4","óbitos",1
"1.2","Óbitos - Idade menor que 1 ano","Jaguaretama","2","3","4","1","2","5","3","3","3","4","3","2","1","4","1","2","-","óbitos",1
"1.2","Óbitos - Idade menor que 1 ano","Caucaia","78","72","63","65","54","58","56","70","51","61","53","75","68","69","66","49","55","óbitos",1
"1.2","Óbitos - Idade menor que 1 ano","Tarrafas","3","5","7","1","3","-","-","3","3","1","2","2","1","2","1","-","1","óbitos",1
"1.2","Óbitos - Idade menor que 1 ano","Salitre","11","8","6","13","5","8","10","5","5","2","4","6","5","6","4","4","5","óbitos",1
"1.2","Óbitos - Idade menor que 1 ano","Acopiara","23","19","18","18","10","8","6","10","8","3","8","11","8","4","11","6","6","óbitos",1
"1.2","Óbitos - Idade menor que 1 ano","Nova Olinda","5","4","4","3","2","5","2","2","5","3","6","6","6","6","5","4","2","óbitos",1
"1.2","Óbitos - Idade menor que 1 ano","Forquilha","9","9","3","6","8","6","7","8","5","1","4","5","11","4","-","1","-","óbitos",1
"1.2","Óbitos - Idade menor que 1 ano","Pacajus","22","15","17","10","17","6","15","8","20","11","8","10","14","19","7","7","6","óbitos",1
"1.2","Óbitos - Idade menor que 1 ano","Quiterianópolis","10","2","8","3","4","4","6","5","6","3","3","6","4","5","3","3","3","óbitos",1
"1.2","Óbitos - Idade menor que 1 ano","Banabuiú","7","7","5","2","1","4","2","8","5","1","7","4","2","7","2","4","1","óbitos",1
"1.2","Óbitos - Idade menor que 1 ano","Missão Velha","13","12","10","15","13","10","14","11","6","7","9","6","12","14","7","5","2","óbitos",1
"1.2","Óbitos - Idade menor que 1 ano","Poranga","4","3","3","6","4","5","4","1","4","3","2","3","1","3","1","3","2","óbitos",1
"1.2","Óbitos - Idade menor que 1 ano","Jati","3","1","3","3","7","3","-","-","3","3","2","2","-","2","-","2","-","óbitos",1
"1.2","Óbitos - Idade menor que 1 ano","Piquet Carneiro","3","-","2","2","3","2","2","3","1","-","3","-","1","3","3","-","4","óbitos",1
"1.2","Óbitos - Idade menor que 1 ano","Alto Santo","7","4","3","1","1","3","3","3","2","5","4","5","1","1","2","5","1","óbitos",1
"1.2","Óbitos - Idade menor que 1 ano","Barro","11","10","4","5","5","7","5","3","5","2","4","3","2","5","3","1","4","óbitos",1
"1.2","Óbitos - Idade menor que 1 ano","Santa Quitéria","17","10","10","9","10","9","8","9","10","9","7","5","8","13","5","6","4","óbitos",1
"1.2","Óbitos - Idade menor que 1 ano","Camocim","22","19","22","23","9","8","13","19","12","15","10","10","13","16","12","8","10","óbitos",1
"1.2","Óbitos - Idade menor que 1 ano","São João do Jaguaribe","-","1","1","2","1","2","-","-","1","-","-","1","1","2","-","-","2","óbitos",1
"1.2","Óbitos - Idade menor que 1 ano","Itapajé","11","17","11","12","16","12","7","8","5","10","11","13","5","4","3","8","10","óbitos",1
"1.2","Óbitos - Idade menor que 1 ano","Jaguaribara","2","1","6","4","2","2","1","2","-","2","4","2","2","2","4","3","1","óbitos",1
"1.2","Óbitos - Idade menor que 1 ano","Independência","9","7","5","8","3","3","5","4","5","4","3","6","7","6","5","10","7","óbitos",1
"1.2","Óbitos - Idade menor que 1 ano","Horizonte","12","8","14","15","14","7","10","8","17","10","10","6","10","5","11","9","14","óbitos",1
"1.2","Óbitos - Idade menor que 1 ano","Caririaçu","9","6","9","8","9","3","7","10","6","7","3","4","3","7","2","1","3","óbitos",1
"1.2","Óbitos - Idade menor que 1 ano","Umari","3","2","4","1","3","2","4","4","1","3","-","1","1","-","-","-","-","óbitos",1
"1.2","Óbitos - Idade menor que 1 ano","Pindoretama","3","4","6","6","3","3","5","2","1","4","4","2","4","4","7","2","1","óbitos",1
"1.2","Óbitos - Idade menor que 1 ano","Nova Russas","10","6","6","4","3","5","5","5","7","7","3","7","6","2","5","2","2","óbitos",1
"1.2","Óbitos - Idade menor que 1 ano","Tejuçuoca","3","5","6","3","1","4","5","4","3","1","2","4","4","7","7","-","1","óbitos",1
"1.2","Óbitos - Idade menor que 1 ano","Chorozinho","5","4","5","3","4","-","5","3","-","2","5","2","2","3","3","2","6","óbitos",1
"1.2","Óbitos - Idade menor que 1 ano","Assaré","4","7","8","8","1","2","6","5","2","3","2","6","4","1","3","4","2","óbitos",1
"1.2","Óbitos - Idade menor que 1 ano","Tabuleiro do Norte","5","2","10","6","6","8","1","7","7","5","8","5","4","6","5","5","8","óbitos",1
"1.2","Óbitos - Idade menor que 1 ano","Aracati","18","15","16","21","8","9","16","10","10","14","8","12","9","2","9","6","11","óbitos",1
"1.2","Óbitos - Idade menor que 1 ano","Aiuaba","7","5","2","3","8","5","4","2","2","5","1","2","3","2","3","4","3","óbitos",1
"1.2","Óbitos - Idade menor que 1 ano","Canindé","24","18","15","19","12","14","9","10","8","17","14","13","20","13","13","12","7","óbitos",1
"1.2","Óbitos - Idade menor que 1 ano","Croatá","1","5","8","7","2","2","3","3","3","6","-","3","5","5","5","2","3","óbitos",1
"1.2","Óbitos - Idade menor que 1 ano","Paraipaba","7","5","3","6","3","7","6","4","4","6","3","8","6","1","2","3","4","óbitos",1
"1.2","Óbitos - Idade menor que 1 ano","Maranguape","25","8","18","25","10","15","17","15","20","17","22","26","18","18","16","7","9","óbitos",1
"1.2","Óbitos - Idade menor que 1 ano","Ararendá","2","3","4","1","1","-","8","1","2","4","4","1","5","6","1","3","3","óbitos",1
"1.2","Óbitos - Idade menor que 1 ano","Itapiúna","5","7","4","4","5","2","2","5","7","4","4","6","4","5","1","-","4","óbitos",1
"1.2","Óbitos - Idade menor que 1 ano","Ibiapina","6","8","10","9","4","7","5","7","8","5","6","8","3","3","1","1","2","óbitos",1
"1.2","Óbitos - Idade menor que 1 ano","Cascavel","17","10","14","11","8","5","14","11","7","9","8","15","11","13","3","6","13","óbitos",1
"1.2","Óbitos - Idade menor que 1 ano","Mucambo","1","5","5","2","4","-","-","2","3","3","2","1","3","2","2","3","1","óbitos",1
"1.2","Óbitos - Idade menor que 1 ano","Miraíma","4","2","2","6","-","1","4","7","3","2","3","4","3","3","1","2","-","óbitos",1
"1.2","Óbitos - Idade menor que 1 ano","Morrinhos","9","9","10","4","7","10","8","5","3","2","6","2","7","7","7","1","3","óbitos",1
"1.2","Óbitos - Idade menor que 1 ano","Catunda","3","3","1","3","1","2","-","2","1","3","3","-","4","1","1","-","2","óbitos",1
"1.2","Óbitos - Idade menor que 1 ano","Barbalha","13","19","19","19","19","16","23","11","22","14","10","18","15","19","8","15","14","óbitos",1
"1.2","Óbitos - Idade menor que 1 ano","Brejo Santo","9","11","10","5","11","9","9","7","6","17","14","7","13","12","8","7","7","óbitos",1
"1.2","Óbitos - Idade menor que 1 ano","Ibaretama","2","5","5","5","4","2","1","3","2","7","9","9","4","2","1","7","2","óbitos",1
"1.2","Óbitos - Idade menor que 1 ano","Abaiara","3","4","3","2","2","1","3","2","2","3","4","-","-","1","3","3","1","óbitos",1
"1.2","Óbitos - Idade menor que 1 ano","Penaforte","4","-","4","3","2","1","2","2","2","1","3","6","2","5","1","1","1","óbitos",1
"1.2","Óbitos - Idade menor que 1 ano","Russas","11","8","15","15","10","9","10","12","7","10","16","17","11","13","5","8","9","óbitos",1
"1.2","Óbitos - Idade menor que 1 ano","Quixadá","25","27","32","18","18","27","11","27","22","21","22","26","12","22","27","23","15","óbitos",1
"1.2","Óbitos - Idade menor que 1 ano","Araripe","9","7","6","7","3","7","9","1","6","1","6","4","7","4","4","4","3","óbitos",1
"1.2","Óbitos - Idade menor que 1 ano","Saboeiro","11","4","7","5","1","3","6","3","3","3","1","4","2","-","1","1","-","óbitos",1
"1.2","Óbitos - Idade menor que 1 ano","Quixeramobim","18","15","20","13","12","23","14","12","15","9","17","23","21","17","12","13","19","óbitos",1
"1.2","Óbitos - Idade menor que 1 ano","Pentecoste","10","8","12","8","2","4","8","8","6","8","5","7","9","7","4","9","6","óbitos",1
"1.2","Óbitos - Idade menor que 1 ano","Santana do Acaraú","12","9","5","10","11","5","9","11","16","6","5","7","6","6","12","5","5","óbitos",1
"1.2","Óbitos - Idade menor que 1 ano","Aurora","3","6","3","4","4","7","9","3","3","3","-","4","5","1","3","4","5","óbitos",1
"1.2","Óbitos - Idade menor que 1 ano","Itarema","14","12","15","9","4","4","7","8","7","6","5","16","6","10","10","9","7","óbitos",1
"1.2","Óbitos - Idade menor que 1 ano","Alcântaras","3","7","-","-","6","3","4","-","2","1","3","-","3","1","-","4","-","óbitos",1
"1.2","Óbitos - Idade menor que 1 ano","Tamboril","11","8","5","8","3","2","6","6","6","5","4","1","8","4","7","7","7","óbitos",1
"1.2","Óbitos - Idade menor que 1 ano","Icapuí","2","5","4","4","4","1","4","5","2","4","2","3","-","4","1","-","4","óbitos",1
"1.2","Óbitos - Idade menor que 1 ano","Icó","22","19","11","25","13","16","12","9","15","21","10","7","7","6","5","4","9","óbitos",1
"1.2","Óbitos - Idade menor que 1 ano","Acarape","3","2","3","2","4","3","4","5","4","-","7","3","8","4","1","4","2","óbitos",1
"1.2","Óbitos - Idade menor que 1 ano","Capistrano","4","5","4","4","4","1","3","3","3","1","3","1","6","5","3","4","4","óbitos",1
"1.2","Óbitos - Idade menor que 1 ano","Caridade","5","12","1","3","4","1","3","9","2","1","6","-","2","3","4","2","3","óbitos",1
"1.2","Óbitos - Idade menor que 1 ano","Pacatuba","11","8","19","8","11","8","15","11","7","13","14","12","9","13","9","17","15","óbitos",1
"1.2","Óbitos - Idade menor que 1 ano","Mulungu","3","1","4","2","1","1","-","4","3","-","2","2","1","4","1","1","1","óbitos",1
"1.2","Óbitos - Idade menor que 1 ano","Guaiúba","5","6","5","6","6","3","3","3","3","3","3","2","5","4","1","3","3","óbitos",1
"1.2","Óbitos - Idade menor que 1 ano","Juazeiro do Norte","71","78","53","55","56","86","59","90","50","58","66","48","64","52","54","41","44","óbitos",1
"1.2","Óbitos - Idade menor que 1 ano","Marco","15","13","12","4","5","7","6","2","11","11","10","7","3","7","13","6","4","óbitos",1
"1.2","Óbitos - Idade menor que 1 ano","Itatira","9","4","6","6","5","9","4","2","7","2","5","7","9","5","3","2","4","óbitos",1
"1.2","Óbitos - Idade menor que 1 ano","Choró","1","3","1","9","5","4","3","5","3","4","3","1","6","2","2","3","3","óbitos",1
"1.2","Óbitos - Idade menor que 1 ano","Aratuba","4","4","3","3","3","1","2","1","2","2","-","2","1","5","2","1","4","óbitos",1
"1.2","Óbitos - Idade menor que 1 ano","Itaitinga","15","13","14","18","9","6","5","2","5","4","7","4","9","5","3","5","7","óbitos",1
"1.2","Óbitos - Idade menor que 1 ano","Acaraú","21","14","7","14","13","13","11","17","8","16","23","9","18","16","6","9","2","óbitos",1
"1.2","Óbitos - Idade menor que 1 ano","Madalena","7","4","3","-","3","5","2","4","4","1","4","3","3","1","3","1","3","óbitos",1
"1.2","Óbitos - Idade menor que 1 ano","Guaramiranga","1","-","1","2","-","3","1","-","-","1","1","-","-","1","-","1","1","óbitos",1
"1.2","Óbitos - Idade menor que 1 ano","Cedro","8","6","6","4","3","7","4","6","2","5","3","4","7","4","3","4","7","óbitos",1
"1.2","Óbitos - Idade menor que 1 ano","Pacujá","1","1","1","1","2","-","2","1","-","1","1","-","-","2","-","-","-","óbitos",1
"1.2","Óbitos - Idade menor que 1 ano","Graça","6","5","8","8","4","2","1","5","1","-","3","1","-","1","4","4","1","óbitos",1
"1.2","Óbitos - Idade menor que 1 ano","Morada Nova","21","24","6","13","10","9","1","9","6","3","4","7","5","7","8","6","6","óbitos",1
"1.2","Óbitos - Idade menor que 1 ano","Lavras da Mangabeira","1","5","3","8","4","4","2","4","6","3","4","6","2","6","5","3","2","óbitos",1
"1.2","Óbitos - Idade menor que 1 ano","Palmácia","-","2","2","1","6","2","2","2","1","2","1","1","-","-","-","1","1","óbitos",1
"1.2","Óbitos - Idade menor que 1 ano","Varjota","4","6","3","4","5","3","6","6","3","-","3","3","4","1","2","3","1","óbitos",1
"1.2","Óbitos - Idade menor que 1 ano","Milhã","1","3","3","1","4","1","3","3","1","7","1","3","5","1","3","2","-","óbitos",1
"1.2","Óbitos - Idade menor que 1 ano","Bela Cruz","10","7","3","7","5","10","5","8","8","5","5","6","4","7","9","-","4","óbitos",1
"1.2","Óbitos - Idade menor que 1 ano","Paramoti","3","1","1","3","1","5","2","2","5","1","3","-","1","1","2","-","1","óbitos",1
"1.2","Óbitos - Idade menor que 1 ano","Iracema","4","5","1","5","3","1","-","2","1","1","2","5","1","1","2","-","1","óbitos",1
"1.2","Óbitos - Idade menor que 1 ano","Crato","40","50","29","37","45","43","28","30","37","24","32","21","23","40","21","23","30","óbitos",1
"1.2","Óbitos - Idade menor que 1 ano","Senador Sá","3","2","2","1","1","-","1","1","-","-","1","3","-","1","1","1","-","óbitos",1
"1.2","Óbitos - Idade menor que 1 ano","Redenção","8","6","10","5","4","13","8","8","7","4","3","1","4","7","4","2","6","óbitos",1
"1.2","Óbitos - Idade menor que 1 ano","Ipueiras","20","19","15","9","13","15","9","7","9","8","10","4","6","5","5","8","4","óbitos",1
"1.2","Óbitos - Idade menor que 1 ano","Viçosa do Ceará","14","20","21","24","17","8","12","11","9","7","9","16","14","7","8","12","8","óbitos",1
"1.2","Óbitos - Idade menor que 1 ano","Granja","14","21","29","19","14","12","10","20","17","15","20","18","8","8","5","11","8","óbitos",1
"1.2","Óbitos - Idade menor que 1 ano","Trairi","10","8","9","12","15","11","12","8","12","8","13","9","9","9","4","10","10","óbitos",1
"1.2","Óbitos - Idade menor que 1 ano","Chaval","1","1","8","7","8","1","-","2","2","2","1","1","5","1","1","3","2","óbitos",1
"1.2","Óbitos - Idade menor que 1 ano","Coreaú","12","4","2","8","4","2","3","5","3","3","6","6","7","3","1","3","2","óbitos",1
"1.2","Óbitos - Idade menor que 1 ano","Ibicuitinga","2","2","5","2","-","2","-","1","4","-","1","1","1","-","-","3","1","óbitos",1
"1.2","Óbitos - Idade menor que 1 ano","Quixelô","4","4","2","4","1","8","1","3","2","1","4","2","4","6","5","2","3","óbitos",1
"1.2","Óbitos - Idade menor que 1 ano","Deputado Irapuan Pinheiro","2","3","4","3","4","3","1","1","-","1","1","-","-","1","-","3","-","óbitos",1
"1.2","Óbitos - Idade menor que 1 ano","Arneiroz","2","2","1","2","2","1","2","2","1","-","-","1","2","3","3","1","-","óbitos",1
"1.2","Óbitos - Idade menor que 1 ano","Aquiraz","11","13","21","16","15","10","12","5","12","6","28","17","17","10","16","9","14","óbitos",1
"1.2","Óbitos - Idade menor que 1 ano","Campos Sales","11","3","9","6","10","8","7","4","7","4","6","3","3","8","7","5","3","óbitos",1
"1.2","Óbitos - Idade menor que 1 ano","Umirim","7","4","5","6","2","2","3","5","4","5","4","6","5","5","4","3","3","óbitos",1
"1.2","Óbitos - Idade menor que 1 ano","Moraújo","-","4","3","4","2","1","3","3","2","1","1","2","4","1","1","1","2","óbitos",1
"1.2","Óbitos - Idade menor que 1 ano","Hidrolândia","6","1","8","2","3","2","4","6","2","2","3","3","1","1","3","2","4","óbitos",1
"1.2","Óbitos - Idade menor que 1 ano","Jijoca de Jericoacoara","5","7","5","1","-","7","-","5","2","6","7","1","5","6","5","8","2","óbitos",1
"1.2","Óbitos - Idade menor que 1 ano","Catarina","1","5","1","1","3","4","1","3","2","2","2","5","-","3","1","1","2","óbitos",1
"1.2","Óbitos - Idade menor que 1 ano","Ereré","1","1","-","-","2","2","2","-","-","1","-","2","-","4","1","-","-","óbitos",1
"1.2","Óbitos - Idade menor que 1 ano","Pedra Branca","15","13","14","13","10","13","11","6","10","9","6","9","7","5","3","9","7","óbitos",1
"1.2","Óbitos - Idade menor que 1 ano","Granjeiro","-","-","4","-","2","1","-","-","-","1","2","-","-","-","2","-","-","óbitos",1
"1.2","Óbitos - Idade menor que 1 ano","Aracoiaba","4","5","11","7","5","6","5","4","4","5","7","4","5","3","3","3","4","óbitos",1
"1.2","Óbitos - Idade menor que 1 ano","Solonópole","4","3","3","3","2","3","4","2","3","3","4","7","5","5","1","5","2","óbitos",1
"1.2","Óbitos - Idade menor que 1 ano","Reriutaba","3","6","4","6","4","-","3","4","7","2","2","7","9","3","2","-","3","óbitos",1
"1.2","Óbitos - Idade menor que 1 ano","Boa Viagem","17","15","18","14","9","13","12","7","10","14","5","7","7","11","7","8","6","óbitos",1
"1.2","Óbitos - Idade menor que 1 ano","Barroquinha","6","3","3","-","3","2","3","3","4","3","1","2","3","4","1","-","1","óbitos",1
"1.2","Óbitos - Idade menor que 1 ano","Amontada","15","12","9","13","12","6","12","8","14","10","5","8","9","6","6","17","6","óbitos",1
"1.2","Óbitos - Idade menor que 1 ano","Mombaça","16","8","18","11","9","7","4","7","4","10","7","5","10","1","6","7","6","óbitos",1
"1.2","Óbitos - Idade menor que 1 ano","Potiretama","5","2","-","2","1","2","-","-","-","1","-","-","1","-","1","1","2","óbitos",1
"1.2","Óbitos - Idade menor que 1 ano","Iguatu","27","24","26","19","12","12","17","26","16","10","18","24","17","12","14","14","13","óbitos",1
"1.2","Óbitos - Idade menor que 1 ano","Irauçuba","4","6","4","8","9","6","6","5","4","4","2","3","6","4","6","4","2","óbitos",1
"1.2","Óbitos - Idade menor que 1 ano","Barreira","8","3","2","4","2","6","2","5","1","1","3","5","1","6","9","-","2","óbitos",1
"1.2","Óbitos - Idade menor que 1 ano","Antonina do Norte","-","1","5","-","2","2","3","2","2","-","2","3","3","1","1","-","-","óbitos",1
"1.2","Óbitos - Idade menor que 1 ano","Porteiras","6","1","4","3","7","2","1","4","3","1","6","2","3","4","2","7","3","óbitos",1
"1.2","Óbitos - Idade menor que 1 ano","Ipaporanga","7","5","3","4","5","2","2","4","2","2","2","2","1","-","1","5","3","óbitos",1
"1.2","Óbitos - Idade menor que 1 ano","Fortim","3","4","1","3","2","1","2","2","2","4","2","-","8","2","3","4","4","óbitos",1
"1.2","Óbitos - Idade menor que 1 ano","Sobral","53","46","43","60","42","58","47","55","46","29","30","26","32","21","33","29","39","óbitos",1
"1.2","Óbitos - Idade menor que 1 ano","São Benedito","17","12","19","11","8","12","18","17","8","12","10","8","6","13","7","11","9","óbitos",1
"1.2","Óbitos - Idade menor que 1 ano","Paracuru","6","8","5","8","7","7","2","7","8","6","11","6","5","9","8","6","9","óbitos",1
"1.2","Óbitos - Idade menor que 1 ano","Frecheirinha","6","5","3","2","3","5","4","5","3","2","1","4","2","6","6","1","2","óbitos",1
"1.2","Óbitos - Idade menor que 1 ano","Ipaumirim","3","6","6","4","2","3","3","2","1","5","5","3","2","1","1","1","3","óbitos",1
"1.2","Óbitos - Idade menor que 1 ano","Tauá","15","11","11","8","9","8","8","6","9","8","11","6","7","10","11","7","10","óbitos",1
"1.2","Óbitos - Idade menor que 1 ano","Baturité","10","9","7","11","8","13","2","10","4","6","7","4","6","7","8","3","6","óbitos",1
"1.2","Óbitos - Idade menor que 1 ano","Uruburetama","14","1","3","3","6","2","3","5","6","2","4","5","4","11","5","5","4","óbitos",1
"1.2","Óbitos - Idade menor que 1 ano","Cariús","4","2","4","4","3","3","7","4","2","1","3","2","1","2","3","3","-","óbitos",1
"1.2","Óbitos - Idade menor que 1 ano","São Luís do Curu","7","1","1","-","3","4","2","2","-","2","1","2","1","1","-","2","3","óbitos",1
"1.2","Óbitos - Idade menor que 1 ano","Eusébio","8","9","8","12","9","7","8","12","4","6","5","11","7","19","11","14","8","óbitos",1
"1.2","Óbitos - Idade menor que 1 ano","Novo Oriente","8","8","6","9","3","6","7","9","8","3","6","9","5","3","1","3","3","óbitos",1
"1.2","Óbitos - Idade menor que 1 ano","Limoeiro do Norte","13","20","10","7","7","15","9","11","11","9","2","9","10","12","6","5","20","óbitos",1
"1.2","Óbitos - Idade menor que 1 ano","Meruoca","5","7","2","-","5","5","6","6","1","3","6","1","3","5","2","1","1","óbitos",1
"1.2","Óbitos - Idade menor que 1 ano","Jaguaruana","11","12","7","7","3","3","8","2","2","3","4","5","2","4","3","3","3","óbitos",1
"1.2","Óbitos - Idade menor que 1 ano","Itapipoca","35","34","35","21","24","20","28","23","22","29","20","26","29","21","31","12","18","óbitos",1
"1.2","Óbitos - Idade menor que 1 ano","Pires Ferreira","3","1","1","1","2","-","2","1","1","-","2","-","-","-","2","1","1","óbitos",1
"1.2","Óbitos - Idade menor que 1 ano","Jaguaribe","11","9","10","14","7","4","5","10","4","4","7","7","5","7","10","2","5","óbitos",1


Fonte: Ministério da Saúde, Departamento de Informática do Sistema Único de Saúde - DATASUS 2022
